var_code,var_desc,isTabulated,unique_values,missing_pct
uniqueid,UNIQUEID,False,27976,0.0
year,YEAR,True,8,0.0
personid,RESPONDENT_ID_NUMBER,False,3497,0.0
x1,CURRENT_ECONOMIC_SITUATION_IN_GERMANY,True,5,0.004186795491143317
x2,RESP._OWN_CURRENT_FINANCIAL_SITUATION,True,5,0.0013687600644122382
x3,ECONOMIC_SITUATION_I.GERMANY_IN_ONE_YEAR,True,5,0.017230273752012883
x4,RESP.OWN_FINANCIAL_SITUATION_IN_ONE_YEAR,True,5,0.014412238325281804
x5,SATISFACTION_WITH_PERFORMANCE_OF_FED.GOV,True,6,0.7249597423510467
x6,SATISFACTION_WITH_DEMOCRACY_IN_THE_FRG,True,6,0.6535426731078905
x7,SELF-PLACEMENT_ON_LEFT-RIGHT_CONTINUUM,False,10,0.06992753623188405
x8,LEFT-RIGHT_PARTY_ASSESSMENT:_CDU,False,10,0.7514895330112722
x9,LEFT-RIGHT_PARTY_ASSESSMENT:_CSU,False,10,0.7541867954911433
x10,LEFT-RIGHT_PARTY_ASSESSMENT:_SPD,False,10,0.7510064412238325
x11,LEFT-RIGHT_PARTY_ASSESSMENT:_FDP,False,10,0.763365539452496
x12,LEFT-RIGHT_PARTY_ASSESSMENT:_THE_LEFT,False,10,0.7481078904991948
x13,LEFT-RIGHT_PARTY_ASSESSMENT:_THE_GREENS,False,10,0.7567632850241546
x14,"POLITICAL_INTEREST,_RESPONDENT(ORDINAL)",True,5,0.0004428341384863124
x15,DO_YOU_TEND_TO_SUPPORT_A_POLITIC._PARTY?,True,2,0.7231078904991949
x16,RESPONDENT:_PARTY_PREFERENCE,True,9,0.8524959742351047
x17,VOTING_INTENTION:_FEDERAL_ELECTION,False,11,0.20857487922705314
x18,ELIGIBLE_TO_VOTE_LAST_FEDERAL_ELECTION?,True,2,0.8946054750402577
x19,DID_YOU_VOTE_IN_LAST_FEDERAL_ELECTION?,True,2,0.09061996779388083
x20,PARTY_VOTE_IN_LAST_FEDERAL_ELECTION,False,11,0.5082125603864734
x21,REASONS_FOR_NOT_VOTING_IN_LAST_ELECTION,True,9,0.9500402576489533
x22,PROBABILITY:_VOTE_FOR_CDU-CSU,False,10,0.7419887278582931
x23,PROBABILITY:_VOTE_FOR_SPD,False,10,0.7423913043478261
x24,PROBABILITY:_VOTE_FOR_FDP,False,10,0.7443236714975845
x25,PROBABILITY:_VOTE_FOR_THE_GREENS,False,10,0.7423107890499195
x26,PROBABILITY:_VOTE_FOR_PDS/THE_LEFT,False,10,0.7429549114331723
x27,WOULD_DO:_EXPRESS_OPINION,True,2,0.7210950080515298
x28,WOULD_DO:_VOTE_IN_ELECTIONS,True,2,0.7210950080515298
x29,WOULD_DO:_PUBLIC_DISCUSSIONS,True,2,0.7210950080515298
x30,WOULD_DO:_CITIZENS_INITIATIVE,True,2,0.7210950080515298
x31,WOULD_DO:_WORK_FOR_POLITICAL_PARTY,True,2,0.7210950080515298
x32,WOULD_DO:_UNAUTHORIZED_DEMONSTRATION,True,2,0.7210950080515298
x33,WOULD_DO:_TAKE_PART_IN_AUTHORIZED_DEMO,True,2,0.7210950080515298
x34,WOULD_DO:_REFUSE_TO_VOTE,True,2,0.7210950080515298
x35,WOULD_DO:_PROTEST_VOTE_FOR_PARTY,True,2,0.7210950080515298
x36,WOULD_DO:_SIGN_A_PETITION,True,2,0.7210950080515298
x37,WOULD_DO:_CONSCIENTIOUS_CONSUMPTION,True,2,0.7210950080515298
x38,WOULD_DO:_ONLINE_PROTEST,True,2,0.7210950080515298
x39,ALREADY_DONE:_EXPRESS_OPINION,True,2,0.7210144927536232
x40,ALREADY_DONE:_VOTE_IN_ELECTIONS,True,2,0.7210144927536232
x41,ALREADY_DONE:_PUBLIC_DISCUSSIONS,True,2,0.7210144927536232
x42,ALREADY_DONE:_CITIZENS_INITIATIVE,True,2,0.7210144927536232
x43,ALREADY_DONE:_WORK_FOR_POLITICAL_PARTY,True,2,0.7210144927536232
x44,ALREADY_DONE:_UNAUTHORIZED_DEMO,True,2,0.7210144927536232
x45,ALREADY_DONE:_AUTHORIZED_DEMONSTRATION,True,2,0.7210144927536232
x46,ALREADY_DONE:_REFUSED_TO_VOTE,True,2,0.7210144927536232
x47,ALREADY_DONE:_PROTEST_VOTE_FOR_PARTY,True,2,0.7210144927536232
x48,ALREADY_DONE:_SIGN_A_PETITION,True,2,0.7210144927536232
x49,ALREADY_DONE:_CONSCIENTIOUS_CONSUMPTION,True,2,0.7210144927536232
x50,ALREADY_DONE:_ONLINE_PROTEST,True,2,0.7210144927536232
x51,LAST_2_YEARS:_EXPRESS_OPINION,True,2,0.8694041867954911
x52,LAST_2_YEARS:_VOTE_IN_ELECTIONS,True,2,0.8694041867954911
x53,LAST_2_YEARS:_PUBLIC_DISCUSSIONS,True,2,0.8694041867954911
x54,LAST_2_YEARS:_CITIZENS_INITIATIVE,True,2,0.8694041867954911
x55,LAST_2_YEARS:_WORK_FOR_POLITICAL_PARTY,True,2,0.8694041867954911
x56,LAST_2_YEARS:_UNAUTHORIZED_DEMONSTRATION,True,2,0.8694041867954911
x57,LAST_2_YEARS:_AUTHORIZED_DEMONSTRATION,True,2,0.8694041867954911
x58,LAST_2_YEARS:_REFUSED_TO_VOTE,True,2,0.8694041867954911
x59,LAST_2_YEARS:_PROTEST_VOTE_FOR_PARTY,True,2,0.8694041867954911
x60,LAST_2_YEARS:_SIGN_A_PETITION,True,2,0.8694041867954911
x61,HOW_OFTEN_TALK_ABOUT_POLITICS:_IN_FAMILY,True,5,0.7239130434782609
x62,HOW_OFTEN_TALK_ABOUT_POLITICS:_FRIENDS,True,5,0.7218196457326892
x63,HOW_OFTEN_TALK_ABOUT_POL.:_ACQUAINTANCES,True,5,0.7213768115942029
x64,HOW_OFTEN_TALK_ABOUT_POLITICS:_STRANGERS,True,5,0.7212157809983897
x65,REQUIRE_IMMIGRANTS_TO_ASSIMILATE,True,5,0.7223027375201289
x66,POLITICS_SHLD_STAY_OUT_OF_THE_ECONOMY,True,5,0.7309178743961353
x67,MAKE_ENVIRONMENTAL_PROTECTION_STRICTER,True,5,0.7237922705314009
x68,STIFFER_SENTENCES_FOR_OFFENDERS,True,5,0.7272544283413849
x69,SOCIAL_SECURITY_PRIME_GOAL_OF_GOVERNMENT,True,5,0.7235507246376811
x70,REDISTRIBUTE_INCOME_TO_COMMON_PEOPLE,True,5,0.7256441223832528
x71,IMMIGRANTS_GOOD_FOR_GERMAN_ECONOMY,True,5,0.7291062801932368
x72,GLOBALIZATION_BENEFITS_EVERYONE,True,5,0.7340579710144928
x73,FORMED_AN_OPINION_ON_SOCIAL_SECURITY?,True,2,0.7000402576489533
x74,SOCIAL_BENEFITS:_CUT_OR_EXTEND?,True,3,0.7615539452495974
x75,REDUCE_TAXES_OR_MORE_SOCIAL_SERVICE,True,2,0.8937600644122383
x76,OPINION:LIVE_WELL_I.COUNTRY_LIKE_GERMANY,True,4,0.5341384863123994
x77,SUPPORT_FOR_IDEA_OF_DEMOCRACY,True,6,0.7265297906602255
x78,PARTY_AFFILIATION:_ANGELA_MERKEL,True,5,0.739694041867955
x79,PARTY_AFFILIATION:_URSULA_VON_DER_LEYEN,True,6,0.7900563607085346
x80,ACTING_PRESIDENT_OF_EUROPEAN_COMMISSION?,True,4,0.8347423510466989
x81,WHO_ELECTS_THE_CHANCELLOR_OF_THE_FRG?,True,4,0.7584541062801933
x82,WHAT_DOES_SECRET_BALLOT_MEAN?,True,4,0.7418679549114332
x83,WHO_HOLDS_RICHTLINIENKOMPETENZ?,True,4,0.866183574879227
x84,INT.ORG.FOR_CULTURAL+SCIENTIFIC_ISSUES?,True,4,0.7794685990338164
x85,WHO_HAS_NO_SEAT_IN_UN_SECURITY_COUNCIL?,True,4,0.8278985507246377
x86,WHEN_CAN_EU_CITIZENS_VOTE_IN_GERMANY?,True,4,0.8030998389694042
x87,WHAT_IS_SOLIDARITY_SURCHARGE_USED_FOR?,True,4,0.7630434782608696
x88,POLITICIANS_DO_NOT_CARE_ABOUT_US,True,4,0.7259661835748792
x89,COULD_BE_ACTIVE_MEMBER_OF_A_POLIT._GROUP,True,4,0.7243156199677939
x90,POLITICS_IS_TOO_COMPLICATED_FOR_ME,True,4,0.7230676328502416
x91,POLITICIANS_REPRESENT_PEOPLES_INTERESTS,True,4,0.7259661835748792
x92,I_DO_NOT_KNOW_MUCH_ABOUT_POLITICS,True,4,0.7218196457326892
x93,MOST_PEOPLE_CAPABLE_OF_POLITICAL_WORK,True,4,0.7349838969404187
x94,AVERAGE_CITIZEN_LITTLE_POL.UNDERSTANDING,True,4,0.7310789049919485
x95,CITIZENS_HAVE_THE_DUTY_TO_VOTE,True,4,0.7235909822866344
x96,PEOPLE_SHLD_DEMONSTRATE_IF_DISSATISFIED,True,4,0.8614331723027375
x97,POLITICAL_VIOLENCE_MORALLY_JUSTIFIED,True,4,0.861634460547504
x98,REFERENDUMS_NECESSARY_PART_OF_DEMOCRACY,True,4,0.8627616747181964
x99,CONFLICTS:_LEFT_VS._RIGHT,True,4,0.8927938808373591
x100,CONFLICTS:_EMPLOYERS_VS._EMPLOYEES,True,4,0.8899355877616747
x101,CONFLICTS:_UNEDUCATED_VS._EDUCATED,True,4,0.8917069243156199
x102,CONFLICTS:_PARENTS_VS._CHILDLESS_PEOPLE,True,4,0.889170692431562
x103,CONFLICTS:_YOUNG_VS._OLD,True,4,0.8876409017713366
x104,CONFLICTS:_POOR_VS._RICH,True,4,0.8880032206119163
x105,CONFLICTS:_WORKING_VS._RETIRED_PEOPLE,True,4,0.8888486312399356
x106,CONFLICTS:_POLITICIANS_VS._CITIZENS,True,4,0.8891304347826087
x107,CONFLICTS:_CAPITALISTS_VS._WORKING_CLASS,True,4,0.8924315619967794
x108,CONFLICTS:_GUEST_WORKERS_VS._GERMANS,True,4,0.8881239935587761
x109,CONFLICTS:_WOMEN_VS._MEN,True,4,0.8876409017713366
x110,CONFLICTS:_CITIZENS_VS._ETHNIC_GERMANS,True,4,0.8919082125603864
x111,TRUST:_HEALTH_SERVICE,True,7,0.5820450885668277
x112,TRUST:_FEDERAL_CONSTITUTIONAL_COURT,True,7,0.6099436392914653
x113,TRUST:_BUNDESTAG_(FEDERAL_PARLIAMENT),True,7,0.5925523349436392
x114,TRUST:_MUNICIPAL_ADMINISTRATION,True,7,0.7253623188405797
x115,TRUST:_CATHOLIC_CHURCH,True,7,0.8673510466988728
x116,TRUST:_PROTESTANT_CHURCH,True,7,0.8682769726247987
x117,TRUST:_JUDICIAL_SYSTEM,True,7,0.5878824476650564
x118,TRUST:_TELEVISION,True,7,0.5843397745571659
x119,TRUST:_NEWSPAPERS,True,7,0.5899355877616748
x120,"TRUST:_UNIVERSITIES,_HIGHER_EDUCATION",True,7,0.6154186795491143
x121,TRUST:_FEDERAL_GOVERNMENT,True,7,0.5860708534621578
x122,TRUST:_POLICE,True,7,0.5828502415458937
x123,TRUST:_POLITICAL_PARTIES,True,7,0.5914251207729468
x124,TRUST:_EUROPEAN_COMMISSION,True,7,0.7508856682769727
x125,TRUST:_EUROPEAN_PARLIAMENT,True,7,0.7483494363929146
x126,IDENTIFICATION_WITH_OWN_COMMUNITY,True,4,0.5819645732689211
x127,IDENTIFICATION_WITH_FEDERAL_STATE,True,4,0.7221014492753624
x128,IDENTIFICATION_WITH_FORMER_WEST_GERMANY,True,4,0.8237117552334944
x129,IDENTIFICATION_WITH_FORMER_EAST_GERMANY,True,4,0.9115942028985508
x130,IDENTIFICATION_WITH_GERMANY_AS_A_WHOLE,True,4,0.5841787439613526
x131,IDENTIFICATION_WITH_THE_EUROPEAN_UNION,True,4,0.5904186795491143
x132,WEST_SHOULD_MAKE_GREATER_SACRIFICES,True,4,0.7601449275362319
x133,EAST_SHOULD_SHOW_MORE_PATIENCE,True,4,0.7607890499194847
x134,REUNIFICATION_MORE_ADVANTAGES_FOR_WEST,True,4,0.6410628019323672
x135,REUNIFICATION_MORE_ADVANTAGES_FOR_EAST,True,4,0.6337359098228663
x136,FUTURE_IN_EAST_DEPENDS_ON_WILL_TO_WORK,True,4,0.763365539452496
x137,PEOPLE_IN_OTHER_PART_OF_FRG_ARE_FOREIGN,True,4,0.631682769726248
x138,NEW_STATES:_PRESSURE_TOO_GREAT,True,4,0.7699677938808374
x139,DO_NOT_ASK_ABOUT_SECRET_POLICE_PAST,True,4,0.6347423510466988
x140,"SOCIALISM:_GOOD_IDEA,_POORLY_IMPLEMENTED",True,4,0.6452093397745572
x141,PROUD_OF:_BASIC_LAW,True,2,0.6221819645732689
x142,PROUD_OF:_GERMAN_FEDERAL_PARLIAMENT,True,2,0.6221819645732689
x143,PROUD_OF:_ACHIEVEMENTS_OF_GERM._ATHLETES,True,2,0.6221819645732689
x144,PROUD_OF:_ECONOMIC_ACHIEVEMENTS,True,2,0.6221819645732689
x145,PROUD_OF:_GERMAN_ART_AND_LITERATURE,True,2,0.6221819645732689
x146,PROUD_OF:_SCIENTIFIC_ACHIEVEMENTS,True,2,0.6221819645732689
x147,PROUD_OF:_SOCIAL_WELFARE_ACHIEVEMENTS,True,2,0.6221819645732689
x148,PROUD_OF:_MOST_IMPORTANT,True,7,0.6254428341384863
x149,PROUD_OF:_SECOND_MOST_IMPORTANT,True,7,0.6440821256038647
x150,PROUD_OF:_THIRD_MOST_IMPORTANT,True,7,0.6704106280193237
x151,PROUD_TO_BE_A_GERMAN?,True,4,0.6457729468599034
x152,I_AM_PROUD_TO_BE_A_GERMAN,True,5,0.7404186795491143
x153,ENCOURAGE_DISPLAY_OF_NATIONAL_FEELINGS,True,5,0.7426731078904992
x154,DICTATORSHIP_SOMETIMES_BETTER_GOVERNMENT,True,5,0.7440821256038648
x155,NATIONAL_SOCIALISM_HAD_ITS_GOOD_SIDES,True,5,0.7458937198067633
x156,WITHOUT_HOLOCAUST_HITLER_POSITIVE_FIGURE,True,5,0.7493156199677938
x157,DANGEROUSLY_MANY_FOREIGNERS_IN_GERMANY,True,5,0.7432769726247987
x158,FOREIGNER_SHOULD_MARRY_OWN_NATIONALITY,True,5,0.7428341384863124
x159,THE_JEWS_STILL_HAVE_TOO_MUCH_INFLUENCE,True,5,0.760426731078905
x160,JEWS_ARE_PECULIARLY_DIFFERENT,True,5,0.7578502415458938
x161,ATTACKS_ON_ASYLUM_SEEKERS_UNDERSTANDABLE,True,5,0.7422302737520129
x162,RESP:_FAIR_SHARE_IN_STANDARD_OF_LIVING?,True,4,0.1636070853462158
x163,"SELF-ASSESSMENT_OF_SOCIAL_CLASS,_RESP.",True,5,0.026368760064412237
x164,"TOP-BOTTOM-SCALE:_SELF-CLASSIFIC.,_RESP.",False,10,0.0535426731078905
x165,OCCUP.SUCCESS:_COMPARISON_TO_FATHER,True,4,0.9629629629629629
x166,"HOW_MANY_RELATIVES,FRIENDS_UNEMPLOYED?",True,5,0.7275764895330112
x167,EVERYONE_SHOULD_LOOK_OUT_FOR_THEMSELVES,True,4,0.8154991948470209
x168,PROFITS_NECESSARY_FOR_HEALTHY_ECONOMY,True,4,0.8161030595813205
x169,STATE:_PROVIDE_JOBS_AND_STABLE_PRICES,True,4,0.8162640901771336
x170,STATE:SECURE_INCOME_IN_TIMES_OF_HARDSHIP,True,4,0.7007246376811594
x171,SOCIAL_SECURITY_BAD_FOR_WORK_ETHOS,True,4,0.8174315619967794
x172,PROFITS_ARE_SHARED_FAIRLY_IN_THE_FRG,True,4,0.8192028985507246
x173,INEQUALITY_IN_FRG_NOT_FURTHER_REDUCIBLE,True,4,0.8236714975845411
x174,PERSONAL_AMBITIONS_IN_LIFE_FULFILLED?,True,4,0.7686392914653785
x175,EDUCAT.OPP.:EVERYONE_ACCORDING_TO_TALENT,True,2,0.4384460547504026
x176,"WAY_TO_THE_TOP:_OPPORTUNISM,RUTHLESSNESS",True,4,0.8524557165861514
x177,"WAY_TO_THE_TOP:_EDUCATION,_TRAINING",True,4,0.8477053140096619
x178,WAY_TO_THE_TOP:_POLITICAL_ACTIVITY,True,4,0.8518115942028985
x179,"WAY_TO_THE_TOP:_COINCIDENCE,_LUCK",True,4,0.8485507246376811
x180,"WAY_TO_THE_TOP:_INTELLIGENCE,_TALENT",True,4,0.8479066022544284
x181,"WAY_TO_THE_TOP:_CONNECTIONS,_PROTECTION",True,4,0.8491143317230274
x182,"WAY_TO_THE_TOP:ACHIEVEMENT,INDUSTRIOUSN.",True,4,0.847866344605475
x183,"WAY_TO_THE_TOP:_MONEY,_WEALTH",True,4,0.8489533011272141
x184,"WAY_TO_THE_TOP:_INITIATIVE,ASSERTIVENESS",True,4,0.8483896940418679
x185,WAY_TO_THE_TOP:_RIGHT_SOCIAL_BACKGROUND,True,4,0.8489935587761674
x186,"WAY_TO_THE_TOP:_BRIBERY,_CORRUPTION",True,4,0.8553140096618358
x187,"WAY_TO_THE_TOP:_COOPERATION,_OPENNESS",True,4,0.8859098228663446
x188,SUCCESS:DEPENDS_ON_OWN_CLASS_POSITION,True,4,0.8181561996779388
x189,SUCCESS:DEPENDS_ON_FAMILY_BACKGROUND,True,4,0.8143719806763285
x190,SUCCESS:DEPENDS_ON_OWN_EDUCATION,True,4,0.8151368760064412
x191,SUCCESS:WELFARE_SYSTEM+STATE_OF_ECONOMY,True,4,0.7042270531400966
x192,DECENT_INCOME_EVEN_WITHOUT_ACHIEVEMENT,True,4,0.7043880837359098
x193,INCOME_DIFFERENCES_INCREASE_MOTIVATION,True,4,0.43884863123993556
x194,DIFFERENCES_IN_SOCIAL_POSITION_ACCEPTAB.,True,4,0.4397745571658615
x195,SOCIAL_DIFFERENCES_ARE_JUST,True,4,0.42995169082125606
x196,PERSONAL_PENSION_PROVISION_ADEQUATE?,True,3,0.81243961352657
x197,IMMIGRATION:_ETHNIC_GERMANS_F_EAST_EUR.,True,3,0.7973832528180355
x198,IMMIGRATION:_ASYLUM_SEEKERS,True,3,0.797463768115942
x199,IMMIGRATION:_WORKERS_FROM_EU-COUNTRIES,True,3,0.797866344605475
x200,IMMIGRATION:_WORKERS_FROM_NON-EU-COUNTR.,True,3,0.796658615136876
x201,FOREIGNERS_DO_WORK_GERMANS_WILL_NOT_DO,True,7,0.7252818035426731
x202,FOREIGN.:BURDEN_ON_SOCIAL_WELFARE_SYSTEM,True,7,0.7260466988727858
x203,FOREIGNERS_ENRICH_GERMAN_CULTURAL_LIFE,True,7,0.7249597423510467
x204,FOREIGNERS:_PROBLEMS_IN_HOUSING_MARKET,True,7,0.7288647342995169
x205,FOREIGN:_HELP_TO_SECURE_OLD_AGE_PENSIONS,True,7,0.7314814814814815
x206,FOREIGNERS:_TAKE_JOBS_AWAY_FROM_GERMANS,True,7,0.725
x207,FOREIGNERS:_COMMIT_CRIMES_MORE_OFTEN,True,7,0.7349436392914653
x208,FOREIGNERS:_CREATE_JOBS,True,7,0.7309983896940419
x209,REFUGEES_OPPORT.OR_RISK:_WELFARE_STATE,True,5,0.7258454106280193
x210,REFUGEES_OPPORT.OR_RISK:_SECURITY,True,5,0.724597423510467
x211,REFUGEES_OPPORT.OR_RISK:_SOCIAL_COHESION,True,5,0.7254428341384863
x212,REFUGEES_OPPORT.OR_RISK:_ECONOMY,True,5,0.7268518518518519
x213,TREATMENT_OF_FOREIGN.BY_MUNICIPAL_OFFICE,True,4,0.8630434782608696
x214,NATURALIZATION:SHOULD_BE_BORN_IN_GERMANY,True,7,0.7947665056360709
x215,NATURALIZATION:_SHLD_BE_OF_GERMAN_ORIGIN,True,7,0.7953703703703704
x216,NATURALIZATION:_SHOULD_SPEAK_GERMAN,True,7,0.7935990338164252
x217,NATURALIZ:_HAS_LIVED_HERE_A_LONG_TIME,True,7,0.7940016103059582
x218,NATURALIZAT.:ADAPT_TO_GERMAN_WAY_OF_LIFE,True,7,0.7939210950080515
x219,NATURALIZATION:_CHRISTIAN_DENOMINATION,True,7,0.7951690821256039
x220,NATURALIZATION:_NO_CRIMES_COMMITTED,True,7,0.7943639291465379
x221,NATURALIZATION:_CAN_SUPPORT_HIMSELF,True,7,0.794122383252818
x222,NATURALIZATION:_ACCEPT_BASIC_LAW_VALUES,True,7,0.7953703703703704
x223,"FOREIGN.,GUEST_WORKERS:_ADAPT_MORE",True,7,0.5013285024154589
x224,"FOREIGN.,GUEST_W.:LEAVE_WHEN_JOBS_SCARCE",True,7,0.5036231884057971
x225,"FOREIGN.,GUEST_W.:_NO_POLIT._ACTIVITIES",True,7,0.5051529790660225
x226,"FOREIGN.,GUEST_W.:MARRY_AMONG_THEMSELVES",True,7,0.5028985507246376
x227,"FOREIGN.,GUEST_W.:_CONTACT_IN_OWN_FAMILY",True,2,0.5001207729468599
x228,"FOREIGN.,GUEST_W.:_CONTACT_AT_WORK",True,2,0.5235104669887278
x229,"FOREIGN.,GUEST_W.:CONTACT_I.NEIGHBORHOOD",True,2,0.500805152979066
x230,"FOREIGN.,GUEST_W.:_CONTACT_AMONG_FRIENDS",True,2,0.5002818035426732
x231,OPINION_ON_DUAL_CITIZENSHIP,True,7,0.7277777777777777
x232,SAME_WELFARE_BENEFITS_FOR_FOREIGNERS,True,7,0.7271739130434782
x233,MUNICIPAL_VOTING_RIGHTS_FOR_FOREIGNERS,True,7,0.7272946859903382
x234,RELIG.INSTRUCTION_FOR_MUSLIMS_IN_SCHOOLS,True,3,0.5934782608695652
x235,AGREE:_STRANGER_IN_ONES_OWN_COUNTRY,True,7,0.7412640901771337
x236,"ESTIMATED_PERCENTAGE_OF_FOREIGNERS,WEST",False,65,0.7604669887278583
x237,"ESTIMATED_PERCENTAGE_OF_FOREIGNERS,EAST",False,60,0.7663043478260869
x238,HOW_MANY_FOREIGNERS_IN_NEIGHBORHOOD,True,4,0.794524959742351
x239,WOULD_LIKE_TO_LIVE_IN_NEIGHBORHOOD_1,True,2,0.7294685990338164
x240,WOULD_LIKE_TO_LIVE_IN_NEIGHBORHOOD_2,True,2,0.7294685990338164
x241,WOULD_LIKE_TO_LIVE_IN_NEIGHBORHOOD_3,True,2,0.7294685990338164
x242,WOULD_LIKE_TO_LIVE_IN_NEIGHBORHOOD_4,True,2,0.7294685990338164
x243,WOULD_LIKE_TO_LIVE_IN_NEIGHBORHOOD_5,True,2,0.7294685990338164
x244,WOULD_LIKE_TO_LIVE_IN_NEIGHBORHOOD_6,True,2,0.7294685990338164
x245,WOULD_LIKE_TO_LIVE_IN_NEIGHBORHOOD_7,True,2,0.7294685990338164
x246,WOULD_LIKE_TO_LIVE_IN_NEIGHBORHOOD_8,True,2,0.7294685990338164
x247,WOULD_LIKE_TO_LIVE_IN_NEIGHBORHOOD_9,True,2,0.7294685990338164
x248,WOULD_LIKE_TO_LIVE_IN_NEIGHBORHOOD_10,True,2,0.7294685990338164
x249,WOULD_LIKE_TO_LIVE_IN_NEIGHBORHOOD_11,True,2,0.7294685990338164
x250,WOULD_LIKE_TO_LIVE_IN_NEIGHBORHOOD_12,True,2,0.7294685990338164
x251,WOULD_LIKE_TO_LIVE_IN_NEIGHBORHOOD_13,True,2,0.7294685990338164
x252,WOULD_NOT_LIKE_TO_LIVE_IN_NEIGHBORH._1,True,2,0.740378421900161
x253,WOULD_NOT_LIKE_TO_LIVE_IN_NEIGHBORH._2,True,2,0.740378421900161
x254,WOULD_NOT_LIKE_TO_LIVE_IN_NEIGHBORH._3,True,2,0.740378421900161
x255,WOULD_NOT_LIKE_TO_LIVE_IN_NEIGHBORH._4,True,2,0.740378421900161
x256,WOULD_NOT_LIKE_TO_LIVE_IN_NEIGHBORH._5,True,2,0.740378421900161
x257,WOULD_NOT_LIKE_TO_LIVE_IN_NEIGHBORH._6,True,2,0.740378421900161
x258,WOULD_NOT_LIKE_TO_LIVE_IN_NEIGHBORH._7,True,2,0.740378421900161
x259,WOULD_NOT_LIKE_TO_LIVE_IN_NEIGHBORH._8,True,2,0.740378421900161
x260,WOULD_NOT_LIKE_TO_LIVE_IN_NEIGHBORH._9,True,2,0.740378421900161
x261,WOULD_NOT_LIKE_TO_LIVE_IN_NEIGHBORH._10,True,2,0.740378421900161
x262,WOULD_NOT_LIKE_TO_LIVE_IN_NEIGHBORH._11,True,2,0.740378421900161
x263,WOULD_NOT_LIKE_TO_LIVE_IN_NEIGHBORH._12,True,2,0.740378421900161
x264,WOULD_NOT_LIKE_TO_LIVE_IN_NEIGHBORH._13,True,2,0.740378421900161
x265,DIFFER.I_LIFESTYLE:_ITALIANS_IN_GERMANY,True,7,0.7386070853462158
x266,DIFFER.I_LIFESTYLE:ETHNIC_GERMANS_F_EAST,True,7,0.735829307568438
x267,DIFFER.I_LIFESTYLE:_ASYLUM_SEEKERS,True,7,0.739573268921095
x268,DIFFER.I_LIFESTYLE:_TURKS_IN_GERMANY,True,7,0.7312399355877617
x269,DIFFER.I_LIFESTYLE:_JEWS_IN_GERMANY,True,7,0.7760466988727859
x270,HOW_PLEASANT_AS_NEIGHBOR:_ITALIANS,True,7,0.7249597423510467
x271,HOW_PLEASANT:_ETHNIC_GERMANS_F_EAST_EUR,True,7,0.7253623188405797
x272,HOW_PLEASANT_AS_NEIGHBOR:_ASYLUM-SEEKERS,True,7,0.7272544283413849
x273,HOW_PLEASANT_AS_NEIGHBOR:_TURKS,True,7,0.7252415458937198
x274,HOW_PLEASANT_AS_NEIGHBOR:_JEWS,True,7,0.735024154589372
x275,MARRIAGE_INTO_OWN_FAMILY:_ITALIANS,True,7,0.7973429951690821
x276,MARRIAGE_IN_FAMILY:ETHNIC_GERMANS_F_EAST,True,7,0.7980273752012882
x277,MARRIAGE_INTO_OWN_FAMILY:ASYLUM-SEEKERS,True,7,0.7992753623188406
x278,MARRIAGE_INTO_OWN_FAMILY:_TURKS,True,7,0.7980273752012882
x279,MARRIAGE_INTO_OWN_FAMILY:_JEWS,True,7,0.8052737520128824
x280,SAME_RIGHTS_AS_GERMANS_FOR:_ITALIANS,True,7,0.7952093397745572
x281,SAME_RIGHTS:_ETHNIC_GERMANS_F_EAST_EUR,True,7,0.7951690821256039
x282,SAME_RIGHTS_AS_GERMANS:_ASYLUM_SEEKERS,True,7,0.7962157809983897
x283,SAME_RIGHTS_AS_GERMANS_FOR:_TURKS,True,7,0.7953301127214171
x284,SAME_RIGHTS_AS_GERMANS_FOR:_JEWS,True,7,0.806682769726248
x285,EXERCISE_OF_MUSLIM_FAITH_SHLD_BE_LIMITED,True,7,0.7310789049919485
x286,ISLAM_FITS_IN_WITH_GERMAN_SOCIETY,True,7,0.7322463768115942
x287,PRESENCE_OF_MUSLIMS_LEADS_TO_CONFLICTS,True,7,0.7307165861513688
x288,STATE_SHLD_MONITOR_MUSLIM_COMMUNITIES,True,7,0.7311996779388084
x289,RESP._WOULD_NOT_OBJECT_TO_MUSLIM_MAYOR,True,7,0.7314412238325282
x290,JEWS:_TOO_MUCH_INFLUENCE_IN_THE_WORLD,True,7,0.6200080515297907
x291,JEWS:SHAME_ABOUT_GERMAN_CRIMES_AGAINST_J,True,7,0.6031803542673108
x292,JEWS:_TAKE_ADVANTAGE_OF_GERMAN_NAZI_PAST,True,7,0.6172705314009662
x293,JEWS:_NOT_WITHOUT_BLAME_BEING_PERSECUTED,True,7,0.6226650563607086
x294,OCCUR:LANDLORD_REFUSES_TO_SERVE_FOREIGN.,True,5,0.8691626409017713
x295,OCCUR:PARENTS_FORBID_TURKISH_BOY_FRIEND,True,5,0.8678743961352657
x296,OCCUR:_EMPLOYERS_SACK_FOREIGNERS_FIRST,True,5,0.8711755233494364
x297,RESP.:LANDLORD_REFUSES_TO_SERVE_FOREIGN.,True,4,0.8665458937198067
x298,RESP.:PARENTS_FORBID_TURKISH_BOYFRIEND,True,4,0.8689613526570048
x299,RESP.:_EMPLOYERS_SACK_FOREIGNERS_FIRST,True,4,0.8690016103059581
x300,GERMANS:LANDLORD_REFUSES_SERVING_FOREIG.,True,4,0.871135265700483
x301,GERMANS:PARENTS_FORBID_TURKISH_BOYFRIEND,True,4,0.8715780998389694
x302,GERMANS:EMPLOYERS_SACK_FOREIGNERS_FIRST,True,4,0.8726247987117552
x303,DOES_ONE_NEED_A_FAMILY_FOR_HAPPINESS?,True,4,0.539170692431562
x304,MARRIAGE_AFTER_LIVING_TOGETHER_PERMANENT,True,3,0.5422302737520129
x305,REASON_FOR_MARRIAGE:_CHILD,True,3,0.8285024154589372
x306,WHAT_IS_THE_IDEAL_NUMBER_OF_CHILDREN?,False,11,0.9304750402576489
x307,WORKING_WOMAN:WARM_RELATION_TO_CHILD_OK,True,4,0.6055555555555555
x308,WIFE:IMP.TO_HELP_HUSBAND_WITH_HIS_CAREER,True,4,0.6123993558776167
x309,WORKING_WOMAN:_SMALL_CHILD_SUFFERS_(A),True,4,0.6074074074074074
x310,WIFE:_STAY_HOME+LOOK_AFTER_FAMILY_(A),True,4,0.6080112721417069
x311,WORKING_MOM_IS_BETTER_MOTHER_(A),True,4,0.6130032206119163
x312,WIFE:_SHOULD_GIVE_UP_WORK_AFTER_MARRIAGE,True,4,0.6121578099838969
x313,WORKING_WOMAN_CAN_BE_GOOD_MOTHER,True,4,0.8601449275362318
x314,"PARENTS_WORK_FULL-TIME,SHARE_CHORES",True,4,0.8605072463768116
x315,WORKING_WOMAN:_SMALL_CHILD_SUFFERS_(B),True,4,0.8605877616747182
x316,WIFE:_STAY_HOME+LOOK_AFTER_FAMILY_(B),True,4,0.8604669887278583
x317,WORKING_MOM_IS_BETTER_MOTHER_(B),True,4,0.8614734299516909
x318,MAN_WORKING_FULLTIME_IS_BAD_FATHER,True,4,0.8602254428341385
x319,BOTH_PARENTS_SHLD_WORK+WOMAN_DO_CHORES,True,4,0.8607085346215781
x320,WORKING_MAN_CAN_BE_GOOD_FATHER_TOO,True,4,0.8604669887278583
x321,MAN_CAN_TAKE_OVER_CHORES+CHILDCARE_TOO,True,4,0.8603864734299517
x322,JOINT_HH:_WHO_PREPARES_MEALS?,True,6,0.813647342995169
x323,JOINT_HH:_WHO_BUYS_FOOD?,True,6,0.8136070853462157
x324,JOINT_HH:_WHO_DOES_MINOR_REPAIRS?,True,6,0.8137278582930757
x325,JOINT_HH:_WHO_DOES_THE_LAUNDRY?,True,6,0.8136070853462157
x326,JOINT_HH:_WHO_DOES_INSURANCE_PAPERWORK?,True,6,0.813768115942029
x327,JOINT_HH:_WHO_CLEARS_UP_AFTER_MEALS?,True,6,0.8136876006441224
x328,JOINT_HH:_WHO_DOES_THE_CLEANING?,True,6,0.813647342995169
x329,JOINT_HH:_WHO_DEALS_WITH_AUTHORITIES?,True,6,0.8138083735909822
x330,JOINT_HH:_WHO_PLAYS_WITH_THE_KIDS?,True,5,0.9764090177133655
x331,JOINT_HH:_WHO_PUTS_THE_KIDS_TO_BED?,True,5,0.9773349436392915
x332,JOINT_HH:_WHO_DOES_HOMEWORK_WITH_KIDS?,True,6,0.9837359098228663
x333,AGREE:_SHLD_BE_GRATEFUL_FOR_THE_LEADERS,True,7,0.6047504025764895
x334,AGREE:_BENEFIT_FOR_CHILD_TO_BE_CONFORM,True,7,0.6024557165861514
x335,IMPORTANCE:_OWN_FAMILY_AND_CHILDREN,True,7,0.8601851851851852
x336,IMPORTANCE:_JOB_AND_WORK,True,7,0.8632850241545894
x337,IMPORTANCE:_LEISURE_TIME_AND_RELAXATION,True,7,0.8601449275362318
x338,IMPORTANCE:_FRIENDS_AND_ACQUAINTANCES,True,7,0.8601046698872786
x339,IMPORTANCE:_RELATIVES,True,7,0.8602254428341385
x340,IMPORTANCE:_RELIGION_AND_CHURCH,True,7,0.8601046698872786
x341,IMPORTANCE:_POLITICS_AND_PUBLIC_LIFE,True,7,0.8602657004830918
x342,IMPORTANCE:_NEIGHBORS,True,7,0.8601046698872786
x343,ASPECTS_OF_JOBS:_JOB_SECURITY,True,7,0.8867552334943639
x344,ASPECTS_OF_JOBS:_HIGH_INCOME,True,7,0.8867552334943639
x345,ASPECTS_OF_JOBS:_OPPORT.S_FOR_PROMOTION,True,7,0.8867954911433172
x346,ASPECTS_OF_JOBS:_RESPECTABLE_OCCUPATION,True,7,0.8867552334943639
x347,ASPECTS_OF_JOBS:_LOTS_OF_LEISURE_TIME,True,7,0.8870772946859904
x348,ASPECTS_OF_JOBS:_INTERESTING_WORK,True,7,0.8866747181964574
x349,ASPECTS_OF_JOBS:_WORK_INDEPENDENTLY,True,7,0.8867954911433172
x350,ASPECTS_OF_JOBS:_RESPONSIBILITY,True,7,0.8867552334943639
x351,ASPECTS_OF_JOBS:_CONTACT_TO_PEOPLE,True,7,0.8865942028985507
x352,ASPECTS_OF_JOBS:_HELP_OTHER_PEOPLE,True,7,0.8866747181964574
x353,ASPECTS_OF_JOBS:_USEFUL_TO_SOCIETY,True,7,0.8866747181964574
x354,LEISURE:_READ_BOOKS,True,5,0.8112721417069243
x355,LEISURE:_READ_MAGAZINES/JOURNALS,True,5,0.8814814814814815
x356,"LEISURE:_LISTEN_TO_RECORDS,CDS,CASSETTES",True,5,0.8814814814814815
x357,LEISURE:_WATCH_VIDEOS,True,5,0.8815217391304347
x358,LEISURE:_USE_THE_COMPUTER,True,5,0.8814814814814815
x359,"LEISURE:_USE_INTERNET,_ONLINE_SERVICES",True,5,0.8815619967793881
x360,LEISURE:_FURTHER_EDUCATION,True,5,0.8815619967793881
x361,"LEISURE:_JUST_DO_NOTHING,_TAKE_IT_EASY",True,5,0.8118760064412238
x362,"LEISURE:_GO_FOR_WALKS,_GO_HIKING",True,5,0.8112721417069243
x363,"LEISURE:YOGA,MEDITATION,AUTOGEN.TRAINING",True,5,0.8115539452495975
x364,LEISURE:_GO_OUT_FOR_A_MEAL_OR_A_DRINK,True,5,0.811231884057971
x365,"LEISURE:VISIT_NEIGHBOR,FRIEND,ACQUAINT.",True,5,0.811231884057971
x366,"LEISURE:VISIT_FAMILY_MEMBERS,_RELATIVES",True,5,0.811231884057971
x367,"LEISURE:PLAY_CARDS,GAMES_WITH_THE_FAMILY",True,5,0.8112721417069243
x368,LEISURE:_GO_ON_OUTINGS_OR_SHORT_TRIPS,True,5,0.8814814814814815
x369,"LEISURE:INVOLVEMENT_POLITICS,ACTION_GRPS",True,5,0.8816425120772947
x370,"LEISURE:VOLUNTARY_WORK_IN_CLUBS,SERVICES",True,5,0.7416666666666667
x371,"LEISURE:_ATTEND_CHURCH,_RELIGIOUS_EVENTS",True,5,0.881682769726248
x372,LEISURE:_ARTISTIC_AND_MUSICAL_ACTIVITIES,True,5,0.8817230273752013
x373,"LEISURE:_ARTS+CRAFTS,ODD_JOBS,CAR,GARDEN",True,5,0.811231884057971
x374,LEISURE:_DO_SPORTS,True,5,0.8113123993558776
x375,LEISURE:_ATTEND_SPORTING_EVENTS,True,5,0.8112721417069243
x376,"LEISURE:_CINEMA,POP+JAZZ_CONCERT,DANCING",True,4,0.8112721417069243
x377,"LEISURE:OPERA,CLASSICAL,THEATER,EXHIBIT.",True,5,0.8113123993558776
x378,LEISURE:_LISTEN_TO_MUSIC,True,5,0.9297504025764896
x379,LEISURE:_USE_THE_INTERNET,True,5,0.9297906602254429
x380,"LEISURE:_ONLINE_CHATS,_SOCIAL_NETWORKS",True,5,0.9297906602254429
x381,LEISURE:_PLAY_GAMES_ON_THE_COMPUTER,True,5,0.9297906602254429
x382,LEISURE:_MAKE_MUSIC,True,5,0.9297504025764896
x383,LEISURE:_OTHER_ARTISTIC_ACTIVITIES,True,5,0.9297504025764896
x384,"LEISURE:_GO_TO_MUSEUMS,_EXHIBITIONS",True,4,0.9297906602254429
x385,WATCH_TV:_HOW_MANY_DAYS_A_WEEK,True,9,0.5318840579710145
x386,WATCH_TV:_AVERAGE_VIEWING_TIME_PER_DAY,False,84,0.5473429951690821
x387,"TV_INTEREST:_SHOWS,_QUIZ_PROGRAMS",True,5,0.8147745571658616
x388,TV_INTEREST:_SPORTS_PROGRAMS,True,5,0.8147745571658616
x389,TV_INTEREST:_MOVIES,True,5,0.8148550724637681
x390,TV_INTEREST:_NEWS_BROADCASTS,True,5,0.8147745571658616
x391,TV_INTEREST:_POLITICAL_MAGAZINES,True,5,0.8147745571658616
x392,TV_INTEREST:_ARTS_AND_CULTURE_PROGRAMS,True,5,0.8147745571658616
x393,TV_INTEREST:_GERMAN_RURAL-LIFE-FILMS,True,5,0.8831723027375201
x394,TV_INTEREST:_DETECTIVE_FILMS_OR_SERIES,True,5,0.8147745571658616
x395,TV_INTEREST:_ACTION_FILMS,True,5,0.8831723027375201
x396,TV_INTEREST:_SITCOMS,True,5,0.8148550724637681
x397,NEWSPAPER:_HOW_MANY_DAYS_A_WEEK,True,9,0.6020531400966184
x398,MUSIC_LIKED:_TRADITIONAL_FOLK_MUSIC,True,5,0.9297906602254429
x399,MUSIC_LIKED:_GERMAN_POP_MUSIC,True,5,0.9299114331723027
x400,MUSIC_LIKED:_CLASSICAL_MUSIC,True,5,0.9297906602254429
x401,MUSIC_LIKED:_JAZZ,True,5,0.9298309178743961
x402,TV:_WATCH_NEWS_ON_PUBLIC_CHANNELS?,True,2,0.7306763285024155
x403,TV:_HOW_OFTEN_NEWS_ON_PUBLIC_CHANNELS?,True,9,0.7205716586151368
x404,TV:_WATCH_NEWS_ON_PRIVATE_CHANNELS?,True,2,0.730756843800322
x405,TV:_HOW_OFTEN_NEWS_ON_PRIVATE_CHANNELS?,True,9,0.7207326892109501
x406,INTERNET:_FOR_INFORMATION_ON_POLITICS,True,2,0.7204911433172303
x407,HOW_OFTEN_INTERNET_FOR_INFO_ON_POLITICS?,True,5,0.8803140096618357
health,RESPONDENT:_HEALTH,True,5,0.0
x408,HEALTH:_PROBLEMS_CLIMBING_STAIRS?,True,3,0.8113123993558776
x409,HEALTH:_PROBLEMS_WITH_DAILY_WORK?,True,3,0.8114734299516908
x410,LAST_4_WEEKS:HOW_OFTEN_PRESSED_FOR_TIME?,True,5,0.6979066022544284
x411,LAST_4_WEEKS:_HOW_OFTEN_DEPRESSED?,True,5,0.6982286634460547
x412,"LAST_4_WEEKS:_HOW_OFTEN_CALM,_BALANCED?",True,5,0.6983091787439614
x413,LAST_4_WEEKS:_HOW_OFTEN_LOTS_OF_ENERGY?,True,5,0.7886876006441224
x414,LAST_4_WEEKS:_HOW_OFTEN_PHYSICAL_PAIN?,True,5,0.6979871175523349
x415,LAST_4_WEEKS:_HOW_OFTEN_LONELY?,True,5,0.8165458937198068
x416,LAST_4_WEEKS:_HEALTH_AFFECTED_WORK,True,5,0.8119162640901771
x417,LAST_4_WEEKS:_HEALTH_DENIED_CERTAIN_WORK,True,5,0.8118760064412238
x418,LAST_4_W.:EMOTIONAL_PROBLEMS_AFFECT_WORK,True,5,0.812157809983897
x419,LAST_4_W.:EMO.PROB._DENIED_CERTAIN_WORK,True,5,0.812157809983897
x420,LAST_4_W.:_EMO.PROB._AFFECT_SOCIAL_LIFE,True,5,0.8118357487922705
x421,R.SUFFERS_FROM:_ALLERGIES,True,2,0.8847020933977455
x422,R.SUFFERS_FROM:_MIGRAINE,True,2,0.8847020933977455
x423,R.SUFFERS_FROM:_HIGH_BLOOD_PRESSURE,True,2,0.8847020933977455
x424,R.SUFFERS_FROM:_IMPAIRED_PERFUSION,True,2,0.8847020933977455
x425,"R.SUFFERS_FROM:_ARTHRITIS,_GOUT,_ETC.",True,2,0.8847020933977455
x426,R.SUFFERS_FROM:_SPINAL_DAMAGE,True,2,0.8847020933977455
x427,R.SUFFERS_FROM:_CHRONIC_BRONCHITIS,True,2,0.8847020933977455
x428,R.SUFFERS_FROM:_ASTHMA,True,2,0.8847020933977455
x429,R.SUFFERS_FROM:_A_LIVER_DISORDER,True,2,0.8847020933977455
x430,R.SUFFERS_FROM:_DIABETES,True,2,0.8847020933977455
x431,R.SUFFERS_FROM:_CANCER,True,2,0.8847020933977455
x432,R.SUFFERS_FROM:_OSTEOPOROSIS,True,2,0.8847020933977455
x433,R.SUFFERS_FROM:_OTHER_ILLNESSES,True,2,0.8847020933977455
x434,"R.:_OTHER_ILLNESSES,_RESPONSE_1",True,8,0.9810789049919485
x435,"R.:_OTHER_ILLNESSES,_RESPONSE_2",True,5,0.999194847020934
x436,R.:_BEEN_ILL_DURING_LAST_4_WEEKS?,True,2,0.8115539452495975
x437,LAST_3_MONTHS:_SEEN_MD_FOR_ACUTE_ILLNESS,True,2,0.8734702093397746
x438,LAST_3_MONTHS:SEEN_MD_F._CHRONIC_ILLNESS,True,2,0.8734702093397746
x439,LAST_3_MONTHS:SEEN_MD_FOR_FEELING_UNWELL,True,2,0.8734702093397746
x440,LAST_3_MONTHS:_SEEN_MD_FOR_CONSULTATION,True,2,0.8734702093397746
x441,"LAST_3_MONTHS:SEEN_MD_F.PRESCRIPTION,ETC",True,2,0.8734702093397746
x442,"LAST_3_MONTHS:SEEN_MD_F.VACCINATION,ETC.",True,2,0.8734702093397746
x443,LAST_3_MONTHS:_SEEN_MD_FOR_OTHER_REASON,True,2,0.8734702093397746
x444,OTHER_REASON_FOR_SEEING_A_DOCTOR,True,4,0.9901368760064412
x445,NUMBER_OF_VISITS_TO_DOCTOR_PAST_3_MONTHS,False,27,0.8743156199677938
x446,BEEN_IN_HOSPITAL_IN_LAST_12_MONTHS?,True,2,0.8114734299516908
x447,"NIGHTS_IN_HOSPITAL,_LAST_12_MONTHS",False,51,0.9743961352657005
x448,RESP._SEVERELY_DISABLED?,True,2,0.8115539452495975
x449,RESP.:_LEVEL_OF_DISABILITY,False,20,0.9768921095008052
x450,DO_YOU_SMOKE?,True,2,0.8113123993558776
x451,NUMBER_OF_TOBACCO_PRODUCTS_PER_DAY,False,36,0.9452898550724638
x452,OVERALL_LIFE_SATISFACTION,False,11,0.3961755233494364
x453,RESP.:_BODY_HEIGHT_IN_CENTIMETERS,False,60,0.6780193236714975
x454,RESP.:_BODY_WEIGHT_IN_KILOGRAMS,False,108,0.6853462157809984
x455,BODY-MASS-INDEX,False,1282,0.6855072463768116
x456,DIET:_HOW_OFTEN_WHOLEMEAL_BREAD,True,7,0.8114331723027375
x457,"DIET:_HOW_OFTEN_TOAST,_WHITE_BREAD",True,7,0.8113929146537843
x458,DIET:_HOW_OFTEN_FRESH_FRUIT,True,7,0.8113123993558776
x459,"DIET:_HOW_OFTEN_VEGETABLES(FRESH,FROZEN)",True,7,0.8113929146537843
x460,DIET:_HOW_OFTEN_MEAT_PRODUCTS,True,7,0.8113123993558776
x461,DIET:_HOW_OFTEN_FRIED_FOODS,True,7,0.811352657004831
x462,"DIET:_HOW_OFTEN_SWEETS,_CAKES,_ETC.",True,7,0.8113123993558776
x463,DIET:_HOW_OFTEN_BEER_OR_WINE,True,7,0.8113929146537843
x464,DIET:_HOW_OFTEN_SPIRITS,True,7,0.8114331723027375
x465,"WORK_CONDITIONS:_NOISE,_BAD_AIR_QUALITY",True,3,0.9044283413848632
x466,"WORK_CONDITIONS:TIME,PERFOMANCE_PRESSURE",True,3,0.9044283413848632
x467,WORK_CONDITIONS:_BAD_WORK_CLIMATE,True,3,0.904549114331723
x468,WORK_CONDITIONS:_LONG_WORKING_HOURS,True,3,0.9045088566827697
x469,WORK_CONDITIONS:_SHIFT_WORK,True,3,0.904549114331723
x470,WORK_CONDITIONS:_HARD_PHYSICAL_LABOR,True,3,0.9043880837359098
x471,HOW_OFTEN_UNFAIR_CRITIQUE_BY_COLLEAGUES?,True,4,0.9055555555555556
x472,RESPONDENT:_RELIGIOUS_DENOMINATION,True,6,0.0039452495974235105
x473,ORTHODOX_CHRISTIAN_DENOMINATION?,True,2,0.9893719806763285
x474,RESPONDENT:_WHAT_NON-CHRISTIAN_RELIGION?,True,5,0.9692834138486313
x475,PREVIOUSLY_MEMBER_OF_A_CHURCH?,True,2,0.9525764895330112
x476,PREVIOUS_RELIGIOUS_DENOMINATION,True,5,0.9768921095008052
x477,FREQUENCY_OF_CHURCH_ATTENDANCE,True,6,0.017310789049919485
x478,HOW_OFTEN_VISIT_PLACE_OF_WORSHIP?,True,6,0.9857487922705314
x479,FREQUENCY_OF_CHURCH_ATTENDANCE_AS_CHILD,True,6,0.8609500805152979
x480,WHAT_ROLE_RELIGION_IN_UPBRINGING?,False,11,0.8605072463768116
x481,HOW_OFTEN_DO_YOU_PRAY?_(11-POINT_SCALE),False,11,0.8646537842190016
x482,HOW_OFTEN_DO_YOU_PRAY_(7-POINT_SCALE),True,7,0.8610305958132045
x483,"FREQUENCY_OF_CHURCH_ACTIVITIES,_RESP.",True,6,0.8602254428341385
x484,"HOW_OFTEN_MEDITATION,_INNER_REFLECTION?",True,7,0.8607487922705314
x485,GOD_IS_PERSONALLY_CONCERNED_WITH_HUMANS,True,6,0.8614734299516909
x486,THERE_IS_A_GOD_WHO_WANTS_TO_BE_GOD_F._US,True,6,0.8625603864734299
x487,GOD_IS_MERELY_WHAT_IS_VALUABLE_IN_HUMANS,True,6,0.8622383252818036
x488,THE_LAWS_OF_NATURE_DETERMINE_OUR_LIVES,True,6,0.8611111111111112
x489,GOD_IS_JUST_IN_THE_HEARTS_OF_PEOPLE,True,6,0.8617149758454107
x490,HUMAN_LIFE_IS_ONLY_A_PART_OF_NATURE,True,6,0.8611513687600644
x491,LIFE_ONLY_HAS_MEANING_BECAUSE_OF_GOD,True,6,0.8610305958132045
x492,WHAT_COMES_AFTER_MAKES_LIFE_MEANINGFUL,True,6,0.8614331723027375
x493,ONE_HAS_TO_GIVE_LIFE_A_MEANING_ONESELF,True,6,0.8606682769726248
x494,MEANING_OF_LIFE:_MAKE_THE_BEST_OUT_OF_IT,True,6,0.8605877616747182
x495,LIFE_DOES_NOT_HAVE_MUCH_MEANING,True,6,0.8609903381642512
x496,MY_OPINION:LIFE_SERVES_NO_PURPOSE_AT_ALL,True,6,0.8610305958132045
x497,"SCALE_OF_RELIGIOUSNESS,_RESPONDENT",False,10,0.7474637681159421
x498,BELIEF_IN_GOD,True,4,0.8621980676328502
x499,BELIEF_IN:_LIFE_AFTER_DEATH,True,2,0.8698067632850242
x500,BELIEF_IN:_HEAVEN,True,2,0.8673107890499195
x501,BELIEF_IN:_HELL,True,2,0.866304347826087
x502,BELIEF_IN:_REINCARNATION,True,2,0.869645732689211
x503,DOES_NOT_MATTER_IF_GOD_EXISTS,True,4,0.8623188405797102
x504,DOES_NOT_MATTER_IF_HIGHER_POWER_EXISTS,True,4,0.8626006441223832
x505,FOLLOW_NO_RELIGIOUS_DOCTRINE,True,4,0.8621578099838969
x506,STICK_TO_WHAT_IS_RATIONAL,True,4,0.8619565217391304
x507,REFLECT_ON_ISSUES_OF_FAITH,True,5,0.8601851851851852
x508,REFLECT_ON_MEANING_OF_LIFE,True,5,0.8603059581320451
x509,EXPERIENCE:_PRESENCE_OF_GOD,True,5,0.8621980676328502
x510,EXPERIENCE:_SUPERNATURAL_POWERS,True,5,0.8624396135265701
x511,EXPERIENCE:_NEW_AGE,True,2,0.9515700483091788
x512,EXPERIENCE:_ZEN_MEDITATION,True,2,0.9212157809983897
x513,"EXPERIENCE:_ANTHROPOSOPHY,_THEOSOPHY",True,2,0.9547504025764896
x514,EXPERIENCE:_MYSTICISM,True,2,0.8970209339774557
x515,"EXPERIENCE:_MAGIC,SPIRITUALISM,OCCULTISM",True,2,0.8827294685990338
x516,"EXPERIENCE:_PENDULUM_DOWSING,_DIVINING",True,2,0.8761674718196457
x517,"EXPERIENCE:_ASTROLOGY,_HOROSCOPES",True,2,0.8668276972624799
x518,"EXPERIENCE:_TAROT_CARDS,_FORTUNE_TELLING",True,2,0.8747987117552335
x519,EXPERIENCE:_MIRACLE_OR_SPIRIT_HEALERS,True,2,0.8760064412238325
x520,"EXPERIENCE:_HOMEOPATHY,BACH_FLOWERS_ETC.",True,2,0.8746376811594203
x521,OPINION:_NEW_AGE,True,3,0.9568438003220612
x522,OPINION:_ZEN_MEDITATION,True,3,0.9280998389694042
x523,"OPINION:_ANTHROPOSOPHY,_THEOSOPHY",True,3,0.9597020933977456
x524,OPINION:_MYSTICISM,True,3,0.9024154589371981
x525,"OPINION:_MAGIC,_SPIRITUALISM,_OCCULTISM",True,3,0.8859500805152979
x526,"OPINION:_PENDULUM_DOWSING,_DIVINING",True,3,0.8788244766505636
x527,"OPINION:_ASTROLOGY,_HOROSCOPES",True,3,0.8692028985507246
x528,"OPINION:_TAROT-CARDS,_FORTUNE_TELLING",True,3,0.8770531400966184
x529,OPINION:_MIRACLE_OR_SPIRIT_HEALERS,True,3,0.8790660225442835
x530,"OPINION:_HOMEOPATHY,_BACH_FLOWERS_ETC.",True,3,0.8765297906602254
x531,WORLD_MORE_PEACEFUL_WITHOUT_RELIGION,True,4,0.8623590982286634
x532,SCIENCE:_MORE_HARM_THAN_GOOD,True,4,0.8626006441223832
x533,SCIENCE_WILL_NEVER_EXPLAIN_EVERYTHING,True,4,0.8622383252818036
x534,RELIGION_CONNECTS_PEOPLE,True,4,0.8632447665056361
x535,BETTER_IF_MORE_RELIG.PEOPLE_HELD_OFFICES,True,4,0.8641304347826086
x536,ONLY_ONE_TRUE_RELIGION?,True,3,0.8659420289855072
x537,LIKE_TO_HAVE_CHURCH_OR_RELIGIOUS_FUNERAL,True,4,0.8638083735909823
x538,MARRIED_IN_CHURCH_OR_RELIG._CEREMONY?,True,2,0.9205716586151369
x539,MARRIAGE_INTO_OWN_FAMILY:_CATHOLIC,True,7,0.8605072463768116
x540,MARRIAGE_INTO_OWN_FAMILY:_PROTESTANT,True,7,0.860426731078905
x541,MARRIAGE_INTO_OWN_FAMILY:_MUSLIM,True,7,0.8609098228663447
x542,MARRIAGE_INTO_OWN_FAMILY:_JEW,True,7,0.861231884057971
x543,MARRIAGE_INTO_OWN_FAMILY:_ATHEIST,True,7,0.8610305958132045
x544,POLITICAL_GOALS:_MAINTAIN_LAW_AND_ORDER,True,4,0.021014492753623187
x545,POLIT.GOALS:MORE_INFLUENCE_FOR_CITIZENS,True,4,0.02246376811594203
x546,POLITICAL_GOALS:_FIGHT_RISING_PRICES,True,4,0.023349436392914653
x547,POLIT.GOALS:PROTECT_RIGHT_OF_FREE_SPEECH,True,4,0.021215780998389694
x548,INGLEHART-INDEX,True,4,0.017793880837359097
x549,IMPORTANCE:_RESPECT_LAW_AND_ORDER,True,7,0.8599838969404187
x550,IMPORTANCE:_HIGH_STANDARD_OF_LIVING,True,7,0.8601046698872786
x551,IMPORTANCE:_POWER_AND_INFLUENCE,True,7,0.8603462157809983
x552,IMPORTANCE:_IMAGINATION_AND_CREATIVITY,True,7,0.8604669887278583
x553,IMPORTANCE:_STRIVE_FOR_SECURITY,True,7,0.8601851851851852
x554,IMPORTANCE:_HELP_HANDICAPPED,True,7,0.8606280193236715
x555,IMPORTANCE:_ASSERTIVENESS,True,7,0.8606682769726248
x556,IMPORTANCE:_DILIGENCE_AND_AMBITION,True,7,0.8602657004830918
x557,IMPORTANCE:_TOLERANCE,True,7,0.8609500805152979
x558,IMPORTANCE:_POLITICAL_ENGAGEMENT,True,7,0.8602657004830918
x559,IMPORTANCE:_HEDONISM,True,7,0.8602254428341385
x560,IMPORTANCE:_BELIEF_IN_GOD,True,7,0.8602657004830918
x561,IMPORTANCE:_ACHIEVEMENT_IN_JOB,True,7,0.8642914653784219
x562,IMPORTANCE:_FULFILLING_ONESELF,True,7,0.8609903381642512
x563,ABORTION:_IF_BABY_HAS_A_SEVERE_DEFECT,True,2,0.8017713365539453
x564,ABORTION:MARR.WOMAN_DONT_WANT_MORE_CHILD,True,2,0.8028985507246377
x565,ABORTION:_IF_WOMANS_HEALTH_IS_ENDANGERED,True,2,0.7989935587761675
x566,ABORT.:IF_FAMILY_IN_FINANCIAL_DIFFICULTY,True,2,0.804549114331723
x567,ABORTION:_PREGNANCY_RESULT_OF_RAPE,True,2,0.8019726247987118
x568,ABORTION:UNMARR._MOTHER_NO_WISH_TO_MARRY,True,2,0.8023752012882448
x569,ABORTION:_IF_THE_WOMAN_WANTS_IT,True,2,0.8041867954911434
x570,NUMBER_OF_CONTACTS_IN_NETWORK,True,4,0.9458937198067633
x571,FRIEND_A:_SEX,True,2,0.9499194847020934
x572,FRIEND_A:_AGE,False,82,0.9501610305958132
x573,FRIEND_A:_FAMILY_RELATION,True,8,0.9499194847020934
x574,FRIEND_A:_EMPLOYMENT_STATUS,True,6,0.9507246376811594
x575,"FRIEND_A:_OCCUPATION,_REFERENCE_NUMBER",False,33,0.9541062801932367
x576,FRIEND_A:_POL._PARTY_USUALLY_VOTED_FOR,True,7,0.9824074074074074
x577,FRIEND_A:_GERMAN_CITIZENSHIP?,True,2,0.95
x578,FRIEND_B:_SEX,True,2,0.9556360708534621
x579,FRIEND_B:_AGE,False,88,0.9557568438003221
x580,FRIEND_B:_FAMILY_RELATION,True,8,0.9556360708534621
x581,FRIEND_B:_EMPLOYMENT_STATUS,True,6,0.9566425120772947
x582,"FRIEND_B:_OCCUPATION,_REFERENCE_NUMBER",False,30,0.9604669887278583
x583,FRIEND_B:_POL._PARTY_USUALLY_VOTED_FOR,True,7,0.9852254428341385
x584,FRIEND_B:_GERMAN_CITIZENSHIP?,True,2,0.9556763285024155
x585,FRIEND_C:_SEX,True,2,0.9635265700483092
x586,FRIEND_C:_AGE,False,82,0.9635668276972624
x587,FRIEND_C:_FAMILY_RELATION,True,8,0.9635668276972624
x588,FRIEND_C:_EMPLOYMENT_STATUS,True,6,0.964573268921095
x589,"FRIEND_C:_OCCUPATION,_REFERENCE_NUMBER",False,33,0.967512077294686
x590,FRIEND_C:_POL._PARTY_USUALLY_VOTED_FOR,True,7,0.9884057971014493
x591,FRIEND_C:_GERMAN_CITIZENSHIP?,True,2,0.9635668276972624
x592,DO_A_+_B_KNOW_EACH_OTHER?,True,2,0.9557568438003221
x593,DO_A_+_C_KNOW_EACH_OTHER?,True,2,0.9636473429951691
x594,DO_B_+_C_KNOW_EACH_OTHER?,True,2,0.9636070853462158
x595,MEMBER_OF_A_TRADE_UNION,True,2,0.0020531400966183576
x596,PREVIOUSLY_MEMBER_OF_A_TRADE_UNION?,True,2,0.12459742351046699
x597,MEMBER_OF_POLITICAL_PARTY,True,2,0.0014090177133655394
x598,MEMBERSHIP_STATUS:_ARTS_OR_MUSIC_CLUB,True,4,0.5372785829307568
x599,MEMBERSHIP_STATUS:_SPORTS_CLUB,True,4,0.537157809983897
x600,MEMBERSHIP_STATUS:_OTHER_LEISURE_CLUB,True,4,0.5373993558776168
x601,MEMBERSHIP_STATUS:_CHARITABLE_ORGANIS.,True,4,0.5372785829307568
x602,MEMBERSHIP_STATUS:_HUMAN_RIGHTS_ORG.,True,4,0.5372785829307568
x603,MEMBERSHIP_STATUS:_ENVIRONMENTAL_ORGAN.,True,4,0.5372383252818036
x604,MEMBERSHIP_STATUS:_PATIENT_ORGAN._ETC.,True,4,0.5372785829307568
x605,MEMBERSHIP_STATUS:_PARENTAL_ORGANISATION,True,4,0.5373993558776168
x606,MEMBERSHIP_STATUS:_SENIOR_CITIZENS_ASSOC,True,4,0.5373993558776168
x607,MEMBERSHIP_STATUS:_CITIZENS_INITIATIVE,True,4,0.5373590982286635
x608,MEMBERSHIP_STATUS:_OTHER_ASSOCIATIONS,True,4,0.53756038647343
x609,MEMBERSHIP:_INFORMAL_GROUP,True,2,0.7903381642512077
x610,"HOW_OFTEN_MEET_FRIENDS_FROM_CLUBS,_ETC.?",True,5,0.7210144927536232
x611,HOW_OFTEN_MEET_FRIENDS_FROM_WORK?,True,5,0.7283413848631239
x612,HOW_OFTEN_MEET_FRIENDS?,True,5,0.7206924315619968
x613,GENERAL_TRUST_IN_FELLOW_MEN,True,4,0.2572866344605475
x614,LIFE_IS_GETTING_WORSE_FOR_COMMON_PEOPLE,True,2,0.09915458937198067
x615,"WITH_SUCH_A_FUTURE,_NO_MORE_CHILDREN",True,2,0.09424315619967794
x616,POLITICIANS_NO_INTEREST_IN_COMMON_PEOPLE,True,2,0.10314009661835749
x617,MOST_PEOPLE_DONT_CARE_ABOUT_OTHERS,True,2,0.09214975845410628
x618,"S.O._CAUSES_TROUBLE,_RESPOND_IN_KIND",True,7,0.7469001610305959
x619,EXTRA_CARE_FOR_PEOPLE_WHO_HELPED_IN_PAST,True,7,0.7464975845410629
x620,AFRAID_ALONE_AT_NIGHT_IN_IMMED._VICINITY,True,2,0.5853864734299516
x621,DEVIANT_BEHAVIOR:_HIT_DISOBEDIENT_CHILD,True,4,0.8611111111111112
x622,DEVIANT_BEHAVIOR:_ABORTION,True,4,0.8632447665056361
x623,DEV._BEHAVIOR:_DOCTOR-ASSISTED_SUICIDE,True,4,0.8638083735909823
x624,DEVIANT_BEHAVIOR:_TAX_FRAUD,True,4,0.8612721417069243
x625,DEVIANT_BEHAVIOR:_FARE_DODGING,True,4,0.8605475040257649
x626,DEVIANT_BEHAVIOR:_MARITAL_RAPE,True,4,0.8606682769726248
x627,DEVIANT_BEHAVIOR:_SMOKING_MARIJUANA,True,4,0.8613123993558777
x628,DEVIANT_BEHAVIOR:_HOMOSEXUALITY,True,4,0.8616747181964574
x629,DEVIANT_BEHAVIOR:_ADULTERY,True,4,0.8619967793880837
x630,RESPONDENT:_SEX,True,2,0.0
x631,RESPONDENT:_YEAR_OF_BIRTH,False,91,0.001932367149758454
x632,RESPONDENT:_MONTH_OF_BIRTH,False,12,0.006723027375201288
x633,RESPONDENT:_AGE,False,82,0.001932367149758454
x634,GERMAN_CITIZENSHIP?,True,3,0.00020128824476650564
x635,"RESP.:CITIZENSHIP,_RESPONSE_1",False,95,0.0007246376811594203
x636,"RESP.:CITIZENSHIP,_RESPONSE_2",False,44,0.9897342995169082
x637,"RESP.:CITIZENSHIP,_RESPONSE_3",True,4,0.9997987117552335
x638,RESP.:_NUMBER_OF_CITIZENSHIPS,True,4,0.00016103059581320451
x639,RESP:_GENERAL_SCHOOL_LEAVING_CERTIFICATE,True,7,0.0014090177133655394
x640,RESPONDENT:_OCCUPATIONAL_TRAINING,False,12,0.0020933977455716585
x641,RESP.:_NO_COMPLETED_VOCATIONAL_TRAINING,True,2,0.009782608695652175
x642,RESP:_ON-THE-JOB_VOCATIONAL_TRAINING,True,2,0.009782608695652175
x643,RESP.:COMPACT_VOCATIONAL_TRAINING_COURSE,True,2,0.009782608695652175
x644,"RESP.:TRADE,_CRAFT_OR_AGRIC._TRAINEESHIP",True,2,0.009782608695652175
x645,RESP.:_COMMERCIAL_TRAINEESHIP,True,2,0.009782608695652175
x646,"RESP.:_WORK_PLACEMENT,_INTERNSHIP",True,2,0.009782608695652175
x647,R:_TECHNICAL_OR_VOCATIONAL_COLLEGE_CERT.,True,2,0.009782608695652175
x648,R:_SPECIALIZED_VOCATIONAL_COLLEGE_CERT.,True,2,0.009782608695652175
x649,"R:_MASTER,TECHNICIAN_COLLEGE_CERTIFICATE",True,2,0.009782608695652175
x650,RESP.:_UNIV._OF_APPLIED_SCIENCES_DEGREE,True,2,0.009782608695652175
x651,RESP.:_UNIVERSITY_DEGREE,True,2,0.009782608695652175
x652,RESP.:_OTHER_VOCATIONAL_TRAINING_CERTIF.,True,2,0.009782608695652175
x653,RESP.:_TYPE_OF_U._OF_APPL.SC._DEGREE,True,7,0.9634057971014492
x654,RESP.:_TYPE_OF_UNIVERSITY_DEGREE,True,7,0.9199677938808374
x655,RESP.:_ISCED_1997_-_5_LEVELS,True,5,0.008896940418679548
x656,RESP.:_ISCED_2011,True,8,0.5128019323671498
x657,RESPONDENT:_CURRENT_EMPLOYMENT_STATUS,True,4,0.00040257648953301127
x658,OCCUPATION_IN_ADDITION_TO_MAIN_OCCUP.,True,2,0.8272544283413849
x659,RESPONDENT:_CURRENT_OCCUPATION,True,9,0.4885668276972625
x660,"R.:_CURRENT_OCCUPATION,_REFERENCE_NUMBER",False,34,0.4885668276972625
x661,RESP.:_STATUS_OF_NON-EMPLOYMENT,True,6,0.5214170692431562
x662,"RESP.:_CURRENT_OCCUPATION,_ISCO-68",False,223,0.7942431561996779
x663,R.:_CURR._OCCUPATION_MINOR_GROUP_ISCO-68,False,82,0.7828502415458937
x664,R.:_CURR._OCCUPATION_MAJOR_GROUP_ISCO-68,True,8,0.7524154589371981
x665,R.:_CURRENT_TREIMANPRESTIGE_ISCO-68,False,196,0.7525362318840579
x666,R.:_CURRENT_MAGNITUDEPRESTIGE_ISCO-68,False,191,0.7525362318840579
x667,"R.:_CURRENT_OCCUPATION,_ISEI_ISCO-68",False,64,0.7942431561996779
x668,R.:_CURR.OCCUP._GOLDTHORPE_CLASS_ISCO-68,False,12,0.779549114331723
x669,"RESP.:_CURRENT_OCCUPATION,_ISCO-88",False,420,0.4931964573268921
x670,"R.:_CURRENT_OCCUPATION,_SIOPS_ISCO-88",False,62,0.49537037037037035
x671,R.:_CURRENT_MAGNITUDEPRESTIGE_ISCO-88,False,246,0.7622383252818036
x672,"R.:_CURRENT_OCCUPATION,_ISEI_ISCO-88",False,64,0.49537037037037035
x673,"RESP.:_CURRENT_OCCUPATION,_ISCO-08",False,441,0.7345813204508856
x674,"R.:_CURRENT_OCCUPATION,_SIOPS_ISCO-08",False,226,0.8082528180354267
x675,"R.:_CURRENT_OCCUPATION,_ISEI_ISCO-08",False,327,0.8082528180354267
x676,RESPONDENT:_SOCIO-ECONOMIC_GROUP_(ESEG),False,49,0.5098228663446055
x677,"AFRAID_OF_UNEMPLOYMENT,_EMPLOYEES",True,3,0.5535426731078905
x678,"AFRAID_OF_THREAT_TO_LIVELIHOOD,SELF-EMPL",True,3,0.9376409017713365
x679,EMPLOYMENT_IN_PUBLIC_SECTOR,True,2,0.551731078904992
x680,FIXED-TERM_OR_PERMANENT_EMPLOYMENT?,True,2,0.8517713365539452
x681,RESP.:_SUPERVISING_THE_WORK_OF_OTHERS?,True,2,0.48091787439613526
x682,NUMBER_OF_PEOPLE_RESPONDENT_SUPERVISES,False,66,0.9621175523349437
x683,RESP.:_UNTIL_WHAT_YEAR_IN_EMPLOYMENT,False,83,0.593317230273752
x684,RESP.:_AGE_WHEN_R._STOPPED_WORKING,False,67,0.5940418679549114
x685,RESP.:_YEARS_SINCE_R._STOPPED_WORKING,False,73,0.593317230273752
x686,RESPONDENT:_LAST_OCCUPATION,True,9,0.5997584541062801
x687,"RESP.:_LAST_OCCUPATION,_REFERENCE_NUMBER",False,34,0.5997584541062801
x688,"RESPONDENT:_LAST_OCCUPATION,_ISCO-68",False,234,0.8201690821256039
x689,R.:_LAST_OCCUPATION_MINOR_GROUP_ISCO-68,False,82,0.8105877616747182
x690,R.:_LAST_OCCUPATION_MAJOR_GROUP_ISCO-68,True,8,0.7826892109500805
x691,R.:_LAST_OCCUP._TREIMANPRESTIGE_ISCO-68,False,195,0.7828099838969405
x692,"R.:_LAST_OCC.,_MAGNITUDEPRESTIGE_ISCO-68",False,189,0.7828099838969405
x693,"RESP.:_LAST_OCCUPATION,_ISEI_ISCO-68",False,66,0.8202495974235104
x694,"R.:_LAST_OCC.,_GOLDTHORPE_CLASS_ISCO-68",False,12,0.8085748792270532
x695,"RESPONDENT:_LAST_OCCUPATION,_ISCO-88",False,420,0.6028180354267311
x696,"RESP.:_LAST_OCCUPATION,_SIOPS_ISCO-88",False,62,0.6048309178743961
x697,R.:_LAST_OCC._MAGNITUDEPRESTIGE_ISCO-88,False,238,0.7909017713365539
x698,"RESP.:_LAST_OCCUPATION,_ISEI_ISCO-88",False,63,0.6048309178743961
x699,"RESPONDENT:_LAST_OCCUPATION,_ISCO-08",False,422,0.8145330112721417
x700,"RESP.:_LAST_OCCUPATION,_SIOPS_ISCO-08",False,216,0.8681964573268921
x701,"RESP.:_LAST_OCCUPATION,_ISEI_ISCO-08",False,317,0.8681964573268921
x702,YEAR_RESPONDENT_BEGAN_FIRST_OCCUPATION,False,87,0.8309581320450886
x703,FIRST_OCCUPATION,True,8,0.8319243156199678
x704,"FIRST_OCCUPATION,_REFERENCE_NUMBER",False,29,0.8319243156199678
x705,"FIRST_OCCUPATION,_ISCO-68",False,194,0.9154991948470209
x706,"FIRST_OCCUPATION,_OCCUPATIONAL_MINOR_GRP",False,77,0.9102657004830917
x707,"FIRST_OCCUPATION,_OCCUPATIONAL_MAJOR_GRP",True,8,0.8943236714975845
x708,"FIRST_OCCUPATION,_TREIMANPRESTIGE",False,169,0.8946859903381642
x709,"FIRST_OCCUPATION,_MAGNITUDEPRESTIGE_I68",False,160,0.8946859903381642
x710,"FIRST_OCCUPATION,_GOLDTHORPE_CLASSES",False,12,0.907890499194847
x711,"FIRST_OCCUPATION,_ISCO-88",False,354,0.78329307568438
x712,"FIRST_OCCUPATION,_SIOPS_ISCO-88",False,58,0.8347826086956521
x713,"FIRST_OCCUPATION,_ISEI_GANZEBOOM_ISCO-88",False,60,0.8347826086956521
x714,HOW_MANY_PEOPLE_WORK_WHERE_YOU_DO?,False,234,0.8483494363929146
x715,RESP.:_HOURS_WORKED_PER_WEEK,False,135,0.48409822866344604
x716,"RESP.:_JOB_ON_THE_SIDE,_HOURS_PER_WEEK",False,56,0.9496779388083736
x717,"HOURS_WORKED_PER_WEEK,SECONDARY_OCCUP.",False,27,0.9857890499194847
x718,RESP.:_UNEMPLOYMENT_IN_THE_LAST_10_YEARS,True,2,0.48071658615136875
x719,RESP.:_LENGTH_OF_UNEMPLOYMENT_IN_WEEKS,False,190,0.878341384863124
x720,NOT_EMPL.:_EVER_BEEN_UNEMPLOYED_BEFORE?,True,2,0.6234702093397746
x721,UNEMPLOYED:_BEEN_UNEMPLOYED_BEFORE?,True,2,0.9490740740740741
x722,ALL_PERIODS_OF_(PAST)_UNEMPLOYMENT,False,282,0.8982286634460548
x723,RESP.:_MONTHLY_NET_INCOME_-_OPEN_Q.,False,1074,0.2764090177133655
x724,RESP.:_MONTHLY_NET_INCOME_-_CLOSED_Q.,False,22,0.886231884057971
x725,R.:_MONTHLY_NET_INCOME_-_OPEN+CLOSED_Q.,False,1085,0.16264090177133655
x726,HH.:_MONTHLY_NET_INCOME_-_OPEN_QUESTION,False,876,0.3003220611916264
x727,HH.:_MONTHLY_NET_INCOME_-_CLOSED_QESTION,False,22,0.850402576489533
x728,HH.:_MONTHLY_NET_INCOME_-_OPEN+CLOSED_Q.,False,887,0.15072463768115943
x729,"PER_CAPITA_INCOME,_NET_MONTHLY",False,928,0.15189210950080514
x730,EQUIVALENT_INCOME_OECD-MODIFIED_SCALE,False,1339,0.15897745571658614
x731,EVALUATION_OF_TOTAL_HOUSEHOLD_INCOME,True,5,0.9303542673107891
x732,"HH_INCOME:_WAGES,_SALARIES",True,2,0.9303945249597424
x733,HH_INCOME:_FROM_SELF-EMPLOYED_WORK,True,2,0.9303945249597424
x734,HH_INCOME:_FROM_(SELF-)EMPLOYED_WORK,True,2,0.8130434782608695
x735,HH_INCOME:_INTEREST_FROM_SAVINGS,True,2,0.8130434782608695
x736,"HH_INCOME:_DIVIDENDS_FROM_STOCKS,_BONDS",True,2,0.8130434782608695
x737,HH_INCOME:_FROM_RENT_AND_LEASE,True,2,0.8130434782608695
x738,HH_INCOME:_FROM_OTHER_ASSETS,True,2,0.8130434782608695
x739,HH_INCOME:_CHILD_ALLOWANCE,True,2,0.8130434782608695
x740,HH_INCOME:_HOUSING_BENEFIT,True,2,0.8130434782608695
x741,HH_INCOME:_UNEMPLOYMENT_BENEFITS,True,2,0.8130434782608695
x742,HH_INCOME:_SICKNESS_OR_MATERNITY_BENEFIT,True,2,0.8130434782608695
x743,HH_INCOME:_CHILD_REARING_ALLOWANCE,True,2,0.8130434782608695
x744,"HH_INCOME:_STUDENT_GRANTS,_BAFOEG,_ETC.",True,2,0.8130434782608695
x745,HH_INCOME:_GRANTS_F._VOCATIONAL_TRAINING,True,2,0.8130434782608695
x746,HH_INCOME:_WELFARE_BENEFITS,True,2,0.8130434782608695
x747,HH_INCOME:_REGULAR_ALIMONY_PAYMENTS_ETC.,True,2,0.8130434782608695
x748,HH_INCOME:_OTHER_SOCIAL_BENEFITS,True,2,0.8130434782608695
x749,HH_INCOME:_RETIREMENT_BENEFITS,True,2,0.8130434782608695
x750,HH_INCOME:_PENSIONS_(FOR_CIVIL_SERVANTS),True,2,0.8130434782608695
x751,HH_INCOME:_OTHER_INCOME,True,2,0.8130434782608695
x752,NUMBER_OF_INCOME_SOURCES_IN_HOUSEHOLD,True,8,0.8130434782608695
x753,MAIN_SOURCE_OF_HH_INCOME_(CONSOLIDATED),False,21,0.8135668276972625
x754,RESPONDENT:_MARITAL_STATUS,True,8,0.001006441223832528
x755,RESP.:LIVED_WITH_SPOUSE_BEFORE_MARRIAGE?,True,2,0.9360708534621578
x756,"RESP.:_LIVED_TOGETHER_SINCE,_YEAR",False,62,0.9664251207729468
x757,"RESP.:_LIVED_TOGETHER_SINCE,_MONTH",False,12,0.9708132045088567
x758,SPOUSE:_YEAR_OF_BIRTH,False,85,0.4365942028985507
x759,SPOUSE:_MONTH_OF_BIRTH,False,12,0.44138486312399355
x760,SPOUSE:_AGE,False,78,0.4365942028985507
x761,"SPOUSE:_CITIZENSHIP,_RESPONSE_1",False,46,0.8408615136876006
x762,"SPOUSE:_CITIZENSHIP,_RESPONSE_2",False,18,0.9984702093397746
x763,SPOUSE:_NUMBER_OF_CITIZENSHIPS,True,3,0.840780998389694
x764,SPOUSE:_GERMAN_SINCE_BIRTH?,True,2,0.8529388083735909
x765,SPOUSE:_CITIZENSHIP_AT_BIRTH,False,24,0.9932367149758454
x766,SPOUSE:_GENERAL_SCHOOL_LEAVING_CERTIFIC.,True,7,0.4343397745571659
x767,SPOUSE:_OCCUPATIONAL_TRAINING,False,12,0.43438003220611915
x768,SPOUSE:_NO_COMPLETED_VOCATIONAL_TRAING,True,2,0.4344202898550725
x769,SPOUSE:_ON-THE-JOB_VOCATIONAL_TRAINING,True,2,0.4344202898550725
x770,SPOUSE:_COMPACT_VOC._TRAINING_COURSE,True,2,0.4344202898550725
x771,"SPOUSE:_TRADE,_CRAFT,_AGRIC._TRAINEESHIP",True,2,0.4344202898550725
x772,SPOUSE:_COMMERCIAL_TRAINEESHIP,True,2,0.4344202898550725
x773,"SPOUSE:_WORK_PLACEMENT,_INTERNSHIP",True,2,0.4344202898550725
x774,"SPOUSE:_TECHN.,VOCATIONAL_COLLEGE_CERT.",True,2,0.4344202898550725
x775,SPOUSE:_SPEC._VOCATIONAL_COLLEGE_CERT.,True,2,0.4344202898550725
x776,"SPOUSE:_MASTER,_TECHNICIAN_COLL._CERT.",True,2,0.4344202898550725
x777,SPOUSE:_UNIV._OF_APPLIED_SCIENCE_DEGREE,True,2,0.4344202898550725
x778,SPOUSE:_UNIVERSITY_DEGREE,True,2,0.4344202898550725
x779,SPOUSE:_OTHER_VOCATIONAL_TRAINING_CERT.,True,2,0.4344202898550725
x780,SPOUSE:_TYPE_OF_UNI._OF_APPL.SC._DEGREE,True,6,0.9797906602254428
x781,SPOUSE:_TYPE_OF_UNIVERSITY_DEGREE,True,7,0.9530193236714976
x782,SPOUSE:_ISCED_1997_-_5_LEVELS,True,5,0.4333735909822866
x783,SPOUSE:_ISCED_2011,True,8,0.7290660225442834
x784,SPOUSE:_CURRENT_EMPLOYMENT_STATUS,True,4,0.43196457326892107
x785,SPOUSE:_CURRENT_OCCUPATION,True,9,0.7089774557165861
x786,"SPOUSE:_CURRENT_OCCUPATION,_REF._NR.",False,33,0.7089774557165861
x787,SPOUSE:_STATUS_OF_NON-EMPLOYMENT,True,5,0.72914653784219
x788,"SPOUSE:_CURRENT_OCCUPATION,_ISCO-68",False,207,0.8814412238325282
x789,SPOUSE:_CURR._OCCUP._MINOR_GROUP_ISCO-68,False,80,0.8735507246376811
x790,SPOUSE:_CURR._OCCUP._MAJOR_GROUP_ISCO-68,True,8,0.8541867954911433
x791,SPOUSE:_CURRENT_TREIMANPRESTIGE_ISCO-68,False,184,0.8542673107890499
x792,SPOUSE:CURRENT_MAGNITUDEPRESTIGE_ISCO-68,False,183,0.8542673107890499
x793,"SPOUSE:_CURRENT_OCCUPATION,_ISEI_ISCO-68",False,64,0.8814412238325282
x794,SPOUSE:_CURRENT_GOLDTHORPE_CLASS_ISCO-68,False,12,0.8718599033816425
x795,"SPOUSE:_CURRENT_OCCUPATION,_ISCO-88",False,384,0.7159822866344605
x796,"SPOUSE:_CURRENT_OCCUPAT.,SIOPS_ISCO-88",False,62,0.7171497584541063
x797,SPOUSE:CURRENT_MAGNITUDEPRESTIGE_ISCO-88,False,233,0.8615136876006442
x798,"SPOUSE:_CURRENT_OCCUPATION,_ISEI_ISCO-88",False,63,0.7171497584541063
x799,"SPOUSE:_CURRENT_OCCUPATION,_ISCO-08",False,385,0.8564814814814815
x800,"SPOUSE:_CURRENT_OCCUPAT.,_SIOPS_ISCO-08",False,199,0.8956521739130435
x801,"SPOUSE:_CURRENT_OCCUPAT.,_ISEI_ISCO-08",False,288,0.8956521739130435
x802,SPOUSE:_SOCIO-ECONOMIC_GROUP_(ESEG),False,42,0.7287842190016103
x803,SPOUSE:_EMPLOYMENT_IN_PUBLIC_SECTOR,True,2,0.8671900161030596
x804,SPOUSE:_AFRAID_OF_UNEMPLOYMENT?,True,3,0.9037037037037037
x805,SPOUSE:_AFRAID_LIVELIHOOD_THREATENED?,True,3,0.986231884057971
x806,RESP.:_IS_THIS_YOUR_FIRST_MARRIAGE?,True,2,0.9349838969404187
x807,"MARRIED:_MONTH_OF_WEDDING,_MARRIAGE_1",False,12,0.9379227053140097
x808,"MARRIED:_YEAR_OF_WEDDING,_MARRIAGE_1",False,66,0.9358695652173913
x809,"MARRIED:_MONTH_OF_DIVORCE,_MARRIAGE_1",False,12,0.9947262479871175
x810,"MARRIED:_YEAR_OF_DIVORCE,_MARRIAGE_1",False,48,0.9927133655394524
x811,"MARRIED:_MONTH_OF_DEATH,_SPOUSE_1",True,7,0.9995169082125603
x812,"MARRIED:_YEAR_OF_DEATH,_SPOUSE_1",False,11,0.9995169082125603
x813,"MARRIED:_MONTH_OF_WEDDING,_MARRIAGE_2",False,12,0.9925925925925926
x814,"MARRIED:_YEAR_OF_WEDDING,_MARRIAGE_2",False,44,0.9920289855072464
x815,"MARRIED:_MONTH_OF_DIVORCE,_MARRIAGE_2",True,4,0.9997181964573268
x816,"MARRIED:_YEAR_OF_DIVORCE,_MARRIAGE_2",False,10,0.9994766505636071
x817,"MARRIED:_MONTH_OF_DEATH,_SPOUSE_2",True,1,0.9999194847020934
x818,"MARRIED:_YEAR_OF_DEATH,_SPOUSE_2",True,2,0.9999194847020934
x819,"MARRIED:_MONTH_OF_WEDDING,_MARRIAGE_3",True,9,0.9993558776167472
x820,"MARRIED:_YEAR_OF_WEDDING,_MARRIAGE_3",False,13,0.9993156199677938
x821,"MARRIED:_YEAR_OF_DIVORCE,_MARRIAGE_3",True,1,0.9999597423510467
x822,"MARRIED:_MONTH_OF_WEDDING,_MARRIAGE_4",True,1,0.9999597423510467
x823,"MARRIED:_YEAR_OF_WEDDING,_MARRIAGE_4",True,1,0.9999597423510467
x824,"WIDOWED,DIV.:_RESP._MULTIPLE_MARRIAGES?",True,2,0.9809178743961353
x825,"WIDOW.,DIV.:_MONTH_OF_WEDDING,MARRIAGE_1",False,12,0.9827294685990338
x826,"WIDOW.,DIV.:_YEAR_OF_WEDDING,_MARRIAGE_1",False,67,0.981682769726248
x827,"WIDOW.,DIV.:_MONTH_OF_DIVORCE,MARRIAGE_1",False,12,0.9914653784219002
x828,"WIDOW.,DIV.:_YEAR_OF_DIVORCE,_MARRIAGE_1",False,51,0.989694041867955
x829,"WIDOW.,DIV.:_MONTH_OF_DEATH,_SPOUSE_1",False,12,0.9924315619967794
x830,"WIDOW.,DIV.:_YEAR_OF_DEATH,_SPOUSE_1",False,44,0.992109500805153
x831,"WIDOW.,DIV.:_MONTH_OF_WEDDING,MARRIAGE_2",False,12,0.9974637681159421
x832,"WIDOW.,DIV.:_YEAR_OF_WEDDING,_MARRIAGE_2",False,32,0.9971417069243156
x833,"WIDOW.,DIV.:_MONTH_OF_DIVORCE,MARRIAGE_2",False,12,0.9985909822866345
x834,"WIDOW.,DIV.:_YEAR_OF_DIVORCE,_MARRIAGE_2",False,27,0.9982286634460548
x835,"WIDOW.,DIV.:_MONTH_OF_DEATH,_SPOUSE_2",False,10,0.9989935587761675
x836,"WIDOW.,DIV.:_YEAR_OF_DEATH,_SPOUSE_2",False,17,0.9989130434782608
x837,"WIDOW.,DIV.:_MONTH_OF_WEDDING,MARRIAGE_3",True,4,0.9998389694041868
x838,"WIDOW.,DIV.:_YEAR_OF_WEDDING,_MARRIAGE_3",True,4,0.9998389694041868
x839,"WIDOW.,DIV.:_MONTH_OF_DIVORCE,MARRIAGE_3",True,1,0.9999597423510467
x840,"WIDOW.,DIV.:_YEAR_OF_DIVORCE,_MARRIAGE_3",True,3,0.9998792270531401
x841,"WIDOW.,DIV.:_MONTH_OF_DEATH,_SPOUSE_3",True,2,0.9999194847020934
x842,"WIDOW.,DIV.:_YEAR_OF_DEATH,_SPOUSE_3",True,1,0.9999194847020934
x843,DOES_RESPONDENT_HAVE_A_STEADY_PARTNER?,True,2,0.5720209339774557
x844,PARTNER:_JOINT_HOUSEHOLD,True,2,0.8498792270531401
x845,PARTNER:_YEAR_OF_BIRTH,False,80,0.8345008051529791
x846,PARTNER:_MONTH_OF_BIRTH,False,12,0.8364331723027375
x847,PARTNER:_AGE,False,77,0.8345008051529791
x848,"PARTNER:_CITIZENSHIP,_RESPONSE_1",False,40,0.9541465378421901
x849,"PARTNER:_CITIZENSHIP,_RESPONSE_2",False,13,0.9993961352657005
x850,PARTNER:_NUMBER_OF_CITIZENSHIPS,True,2,0.9541465378421901
x851,PARTNER:_GERMAN_SINCE_BIRTH?,True,2,0.9579710144927536
x852,PARTNER:_CITIZENSHIP_AT_BIRTH,False,19,0.9986312399355878
x853,PARTNER:_GENERAL_SCHOOL_LEAVING_CERTIF.,True,7,0.8353864734299516
x854,PARTNER:_OCCUPATIONAL_TRAINING,False,12,0.8351449275362319
x855,PARTNER:_NO_COMPLETED_VOCATIONAL_TRAING,True,2,0.8376006441223832
x856,PARTNER:_ON-THE-JOB_VOCATIONAL_TRAINING,True,2,0.8376006441223832
x857,PARTNER:_COMPACT_VOCAT._TRAINING_COURSE,True,2,0.8376006441223832
x858,"PARTNER:_TRADE,CRAFT,_AGRIC._TRAINEESHIP",True,2,0.8376006441223832
x859,PARTNER:_COMMERCIAL_TRAINEESHIP,True,2,0.8376006441223832
x860,"PARTNER:_WORK_PLACEMENT,_INTERNSHIP",True,2,0.8376006441223832
x861,PARTNER:_TECHNICAL_OR_VOC._COLLEGE_CERT.,True,2,0.8376006441223832
x862,PARTNER:_SPECIALIZED_VOCATIONAL_COLLEGE,True,2,0.8376006441223832
x863,"PARTNER:_MASTER,TECHNIC._COLLEGE_CERTIF.",True,2,0.8376006441223832
x864,PARTNER:_UNIV._OF_APPL._SCIENCES_DEGREE,True,2,0.8376006441223832
x865,PARTNER:_UNIVERSITY_DEGREE,True,2,0.8376006441223832
x866,PARTNER:_OTHER_VOCATIONAL_TRAINING_CERT.,True,2,0.8376006441223832
x867,PARTNER:_TYPE_OF_U._OF_APPL.SC._DEGREE,True,6,0.9948872785829308
x868,PARTNER:_TYPE_OF_UNIVERSITY_DEGREE,True,7,0.9825684380032206
x869,PARTNER:_ISCED_1997_-_5_LEVELS,True,5,0.8365539452495975
x870,PARTNER:_ISCED_2011,True,8,0.9077294685990338
x871,PARTNER:_CURRENT_EMPLOYMENT_STATUS,True,4,0.8330112721417069
x872,PARTNER:_CURRENT_OCCUPATION,True,9,0.8867552334943639
x873,"PARTNER:_CURRENT_OCCUPATION,_REF._NR.",False,34,0.8867552334943639
x874,PARTNER:_STATUS_OF_NON-EMPLOYMENT,True,6,0.9483091787439614
x875,"PARTNER:_CURRENT_OCCUPATION,_ISCO-68",False,154,0.960426731078905
x876,PARTNER:_OCCUP._MINOR_GROUP_ISCO-68,False,66,0.9585748792270531
x877,PARTNER:_OCCUP._MAJOR_GROUP_ISCO-68,True,8,0.9524557165861514
x878,PARTNER:_TREIMANPRESTIGE_ISCO-68,False,142,0.9524557165861514
x879,PARTNER:_MAGNITUDEPRESTIGE_ISCO-68,False,148,0.9524557165861514
x880,PARTNER:_ISEI_ISCO-68,False,61,0.960426731078905
x881,PARTNER:_GOLDTHORPE_CLASSES_ISCO-68,False,12,0.9577294685990339
x882,"PARTNER:_CURRENT_OCCUPATION,_ISCO-88",False,307,0.8894122383252818
x883,PARTNER:_SIOPS_ISCO-88,False,62,0.8900563607085347
x884,PARTNER:_MAGNITUDEPRESTIGE_ISCO-88,False,190,0.9541465378421901
x885,PARTNER:_ISEI_ISCO-88,False,63,0.8900563607085347
x886,"PARTNER:_CURRENT_OCCUPATION,_ISCO-08",False,321,0.9355072463768116
x887,"PARTNER:_CURRENT_OCCUPAT.,_SIOPS_ISCO-08",False,173,0.9522141706924315
x888,"PARTNER:_CURRENT_OCCUPAT.,_ISEI_ISCO-08",False,240,0.9522141706924315
x889,PARTNER:_SOCIO-ECONOMIC_GROUP_(ESEG),False,40,0.9061594202898551
x890,PARTNER:_EMPLOYMENT_IN_PUBLIC_SECTOR,True,2,0.9483896940418679
x891,AFRAID_OF_UNEMPLOYMENT_FOR_PARTNER?,True,3,0.9592592592592593
x892,"AFRAID_LIVELIHOOD_THREATENED,_PARTNER",True,3,0.9960144927536232
x893,RESP.:_LIVING_WITH_PARENTS_AT_AGE_15?,True,4,0.0017713365539452496
x894,AGE_WHEN_LEAVING_PARENTAL_HOME,False,43,0.8993558776167472
x895,RELIGIOUS_DENOMINATION:_FATHER,False,11,0.7423510466988728
x896,FATHER:_GENERAL_SCHOOL_LEAVING_CERTIFIC.,True,6,0.10503220611916264
x897,"FATHER:_OCCUP._TRAINING,_HIGHEST_DEGREE",False,12,0.09170692431561997
x898,FATHER:_NO_COMPLETED_VOCATIONAL_TRAINING,True,2,0.09170692431561997
x899,FATHER:_ON-THE-JOB_VOCATIONAL_TRAINING,True,2,0.8926328502415459
x900,FATHER:_COMPACT_VOCAT._TRAINING_COURSE,True,2,0.8926328502415459
x901,"FATHER:_TRADE,CRAFT,_AGRIC._TRAINEESHIP",True,2,0.09170692431561997
x902,FATHER:_COMMERCIAL_TRAINEESHIP,True,2,0.09170692431561997
x903,"FATHER:_WORK_PLACEMENT,_INTERNSHIP",True,2,0.8926328502415459
x904,FATHER:_TECHNICAL_OR_VOC._COLLEGE_CERT.,True,2,0.8926328502415459
x905,FATHER:_SPECIALIZED_VOCATIONAL_COLLEGE,True,2,0.8926328502415459
x906,"FATHER:_MASTER,TECHNIC._COLLEGE_CERTIF.",True,2,0.09170692431561997
x907,FATHER:_UNIV._OF_APPL._SCIENCES_DEGREE,True,2,0.09170692431561997
x908,FATHER:_UNIVERSITY_DEGREE,True,2,0.09170692431561997
x909,FATHER:_OTHER_VOCATIONAL_TRAINING_CERT.,True,2,0.09170692431561997
x910,FATHER:_ISCED_1997_-_5_LEVELS,True,5,0.06529790660225443
x911,FATHER:_OCCUPATION,True,9,0.1606280193236715
x912,"FATHER:_OCCUPATION,_REFERENCE_NUMBER",False,33,0.1606280193236715
x913,"FATHER:_OCCUPATION,_ISCO-68",False,241,0.6609500805152979
x914,FATHER:_OCCUPATIONAL_MINOR_GROUP_ISCO-68,False,83,0.6377616747181964
x915,FATHER:_OCCUPATIONAL_MAJOR_GROUP_ISCO-68,True,8,0.5798711755233494
x916,FATHER:_TREIMANPRESTIGE_ISCO-68,False,194,0.5802334943639291
x917,FATHER:_MAGNITUDEPRESTIGE_ISCO-68,False,188,0.5802334943639291
x918,FATHER:_ISEI_ISCO-68,False,65,0.6609500805152979
x919,FATHER:_GOLDTHORPE_CLASSES_ISCO-68,False,12,0.6148953301127215
x920,"FATHER:_OCCUPATION,_ISCO-88",False,444,0.18788244766505635
x921,FATHER:_SIOPS_ISCO-88,False,63,0.19573268921095008
x922,FATHER:_MAGNITUDEPRESTIGE_ISCO-88,False,245,0.6041867954911433
x923,FATHER:_ISEI_ISCO-88,False,63,0.19573268921095008
x924,"FATHER:_OCCUPATION,_ISCO-08",False,431,0.590901771336554
x925,FATHER:_SIOPS_ISCO-08,False,222,0.7066022544283413
x926,FATHER:_ISEI_ISCO-08,False,330,0.7066022544283413
x927,FATHER:_SOCIO-ECONOMIC_GROUP_(ESEG),False,41,0.5621980676328503
x928,RELIGIOUS_DENOMINATION:_MOTHER,False,10,0.7307165861513688
x929,MOTHER:_GENERAL_SCHOOL_LEAVING_CERTIFIC.,True,6,0.07000805152979066
x930,"MOTHER:_OCCUP._TRAINING,_HIGHEST_DEGREE",False,12,0.07403381642512077
x931,MOTHER:_NO_COMPLETED_VOCATIONAL_TRAINING,True,2,0.07403381642512077
x932,MOTHER:_ON-THE-JOB_VOCATIONAL_TRAINING,True,2,0.8915861513687601
x933,MOTHER:_COMPACT_VOCAT._TRAINING_COURSE,True,2,0.8915861513687601
x934,"MOTHER:_TRADE,CRAFT,_AGRIC._TRAINEESHIP",True,2,0.07403381642512077
x935,MOTHER:_COMMERCIAL_TRAINEESHIP,True,2,0.07403381642512077
x936,"MOTHER:_WORK_PLACEMENT,_INTERNSHIP",True,2,0.8915861513687601
x937,MOTHER:_TECHNICAL_OR_VOC._COLLEGE_CERT.,True,2,0.8915861513687601
x938,MOTHER:_SPECIALIZED_VOCATIONAL_COLLEGE,True,2,0.8915861513687601
x939,"MOTHER:_MASTER,TECHNIC._COLLEGE_CERTIF.",True,2,0.07403381642512077
x940,MOTHER:_UNIV._OF_APPL._SCIENCES_DEGREE,True,2,0.07403381642512077
x941,MOTHER:_UNIVERSITY_DEGREE,True,2,0.07403381642512077
x942,MOTHER:_OTHER_VOCATIONAL_TRAINING_CERT.,True,2,0.07403381642512077
x943,MOTHER:_ISCED_1997_-_5_LEVELS,True,5,0.04935587761674718
x944,MOTHER:_OCCUPATION,True,9,0.4607890499194847
x945,"MOTHER:_OCCUPATION,_REFERENCE_NUMBER",False,33,0.4607890499194847
x946,"MOTHER:_OCCUPATION_THEN,_ISCO-68",False,206,0.7887278582930757
x947,MOTHER:_OCCUPATIONAL_MINOR_GROUP_ISCO-68,False,78,0.7814814814814814
x948,MOTHER:_OCCUPATIONAL_MAJOR_GROUP_ISCO-68,True,8,0.7456521739130435
x949,MOTHER:_TREIMANPRESTIGE_ISCO-68,False,181,0.7458937198067633
x950,MOTHER:_MAGNITUDEPRESTIGE_ISCO-68,False,171,0.7458937198067633
x951,MOTHER:_ISEI_ISCO-68,False,61,0.7887278582930757
x952,MOTHER:_GOLDTHORPE_CLASSES_ISCO-68,False,12,0.7733091787439613
x953,"MOTHER:_OCCUPATION_THEN,_ISCO-88",False,386,0.47975040257648954
x954,MOTHER:_SIOPS_ISCO-88,False,61,0.47975040257648954
x955,MOTHER:_MAGNITUDEPRESTIGE_ISCO-88,False,203,0.7575281803542673
x956,MOTHER:_ISEI_ISCO-88,False,63,0.47975040257648954
x957,"MOTHER:_OCCUPATION_THEN,_ISCO-08",False,375,0.7248792270531401
x958,MOTHER:_SIOPS_ISCO-08,False,200,0.7975442834138486
x959,MOTHER:_ISEI_ISCO-08,False,281,0.7975442834138486
x960,MOTHER:_SOCIO-ECONOMIC_GROUP_(ESEG),False,37,0.5276972624798711
x961,MULTIPLE-PERSON_HOUSEHOLD?,True,2,0.0025764895330112722
x962,NUMBER_OF_OTHER_PERSONS_IN_HOUSEHOLD,True,4,0.9993961352657005
x963,NUMBER_OF_PEOPLE_LIVING_IN_HOUSEHOLD,False,12,0.005636070853462158
x964,REDUCED_SIZE_OF_HOUSEHOLD,True,7,0.021497584541062802
x965,2.PERSON_IN_HH:_DEGREE_OF_RELATIONSHIP,False,16,0.2111513687600644
x966,2.PERSON_IN_HOUSEHOLD:_SEX,True,2,0.20841384863123993
x967,2.PERSON_IN_HOUSEHOLD:_YEAR_OF_BIRTH,False,109,0.21972624798711754
x968,2.PERSON_IN_HOUSEHOLD:_MONTH_OF_BIRTH,False,12,0.2281400966183575
x969,2.PERSON_IN_HOUSEHOLD:_AGE,False,98,0.21972624798711754
x970,2.PERSON_IN_HOUSEHOLD:_MARITAL_STATUS,True,5,0.20986312399355878
x971,2.P.IN_HH(CHILD):SCHOOL_LEAVING_CERTIF.,True,7,0.994243156199678
x972,2.PERSON_IN_HH(CHILD):UNIVERSITY_DEGREE,True,2,0.9985507246376811
x973,2.PERSON_IN_HOUSEHOLD:_BAPTIZED?,True,2,0.9948067632850242
x974,2.PERSON_IN_HOUSEHOLD:_REL._DENOMINATION,True,6,0.9076489533011272
x975,3.PERSON_IN_HH:_DEGREE_OF_RELATIONSHIP,False,15,0.620330112721417
x976,3.PERSON_IN_HOUSEHOLD:_SEX,True,2,0.6175925925925926
x977,3.PERSON_IN_HOUSEHOLD:_YEAR_OF_BIRTH,False,97,0.624597423510467
x978,3.PERSON_IN_HOUSEHOLD:_MONTH_OF_BIRTH,False,12,0.6294283413848631
x979,3.PERSON_IN_HOUSEHOLD:_AGE,False,86,0.624597423510467
x980,3.PERSON_IN_HOUSEHOLD:_MARITAL_STATUS,True,5,0.6180756843800322
x981,3.P.IN_HH(CHILD):SCHOOL_LEAVING_CERTIF.,True,7,0.9696859903381643
x982,3.PERSON_IN_HH(CHILD):UNIVERSITY_DEGREE,True,2,0.992109500805153
x983,3.PERSON_IN_HOUSEHOLD:_BAPTIZED?,True,2,0.9622383252818035
x984,3.PERSON_IN_HOUSEHOLD:_REL._DENOMINATION,True,6,0.961231884057971
x985,4.PERSON_IN_HH:_DEGREE_OF_RELATIONSHIP,False,14,0.7915056360708534
x986,4.PERSON_IN_HOUSEHOLD:_SEX,True,2,0.7903381642512077
x987,4.PERSON_IN_HOUSEHOLD:_YEAR_OF_BIRTH,False,72,0.7937600644122383
x988,4.PERSON_IN_HOUSEHOLD:_MONTH_OF_BIRTH,False,12,0.7968599033816425
x989,4.PERSON_IN_HOUSEHOLD:_AGE,False,63,0.7937600644122383
x990,4.PERSON_IN_HOUSEHOLD:_MARITAL_STATUS,True,5,0.7903381642512077
x991,4.P.IN_HH(CHILD):SCHOOL_LEAVING_CERTIF.,True,7,0.9891304347826086
x992,4.PERSON_IN_HH(CHILD):UNIVERSITY_DEGREE,True,2,0.9984702093397746
x993,4.PERSON_IN_HOUSEHOLD:_BAPTIZED?,True,2,0.9804347826086957
x994,4.PERSON_IN_HOUSEHOLD:_REL._DENOMINATION,True,6,0.979951690821256
x995,5.PERSON_IN_HH:_DEGREE_OF_RELATIONSHIP,False,15,0.937157809983897
x996,5.PERSON_IN_HOUSEHOLD:_SEX,True,2,0.9367954911433173
x997,5.PERSON_IN_HOUSEHOLD:_YEAR_OF_BIRTH,False,54,0.9386876006441224
x998,5.PERSON_IN_HOUSEHOLD:_MONTH_OF_BIRTH,False,12,0.9402576489533011
x999,5.PERSON_IN_HOUSEHOLD:_AGE,False,44,0.9386876006441224
x1000,5.PERSON_IN_HOUSEHOLD:_MARITAL_STATUS,True,4,0.9369162640901771
x1001,5.P.IN_HH(CHILD):SCHOOL_LEAVING_CERTIF.,True,6,0.9975845410628019
x1002,5.PERSON_IN_HH(CHILD):UNIVERSITY_DEGREE,True,2,0.9995571658615137
x1003,5.PERSON_IN_HOUSEHOLD:_BAPTIZED?,True,2,0.994243156199678
x1004,5.PERSON_IN_HOUSEHOLD:_REL._DENOMINATION,True,6,0.994243156199678
x1005,6.PERSON_IN_HH:_DEGREE_OF_RELATIONSHIP,False,11,0.9824476650563607
x1006,6.PERSON_IN_HOUSEHOLD:_SEX,True,2,0.9822061191626409
x1007,6.PERSON_IN_HOUSEHOLD:_YEAR_OF_BIRTH,False,39,0.9830917874396136
x1008,6.PERSON_IN_HOUSEHOLD:_MONTH_OF_BIRTH,False,12,0.9834943639291466
x1009,6.PERSON_IN_HOUSEHOLD:_AGE,False,30,0.9830917874396136
x1010,6.PERSON_IN_HOUSEHOLD:_MARITAL_STATUS,True,3,0.9822866344605475
x1011,6.P.IN_HH(CHILD):SCHOOL_LEAVING_CERTIF.,True,4,0.9995169082125603
x1012,6.PERSON_IN_HH(CHILD):UNIVERSITY_DEGREE,True,1,0.9999194847020934
x1013,6.PERSON_IN_HOUSEHOLD:_BAPTIZED?,True,2,0.9987117552334943
x1014,6.PERSON_IN_HOUSEHOLD:_REL._DENOMINATION,True,4,0.9987117552334943
x1015,7.PERSON_IN_HH:_DEGREE_OF_RELATIONSHIP,True,8,0.9942834138486313
x1016,7.PERSON_IN_HOUSEHOLD:_SEX,True,2,0.9942834138486313
x1017,7.PERSON_IN_HOUSEHOLD:_YEAR_OF_BIRTH,False,32,0.994645732689211
x1018,7.PERSON_IN_HOUSEHOLD:_MONTH_OF_BIRTH,False,12,0.9948067632850242
x1019,7.PERSON_IN_HOUSEHOLD:_AGE,False,22,0.994645732689211
x1020,7.PERSON_IN_HOUSEHOLD:_MARITAL_STATUS,True,3,0.9942834138486313
x1021,7.P.IN_HH(CHILD):SCHOOL_LEAVING_CERTIF.,True,1,0.9999597423510467
x1022,7.PERSON_IN_HOUSEHOLD:_BAPTIZED?,True,2,0.9996779388083736
x1023,7.PERSON_IN_HOUSEHOLD:_REL._DENOMINATION,True,4,0.9996779388083736
x1024,8.PERSON_IN_HH:_DEGREE_OF_RELATIONSHIP,True,5,0.9981481481481481
x1025,8.PERSON_IN_HOUSEHOLD:_SEX,True,2,0.9981884057971014
x1026,8.PERSON_IN_HOUSEHOLD:_YEAR_OF_BIRTH,False,22,0.9982689210950081
x1027,8.PERSON_IN_HOUSEHOLD:_MONTH_OF_BIRTH,False,11,0.998389694041868
x1028,8.PERSON_IN_HOUSEHOLD:_AGE,False,14,0.9982689210950081
x1029,8.PERSON_IN_HOUSEHOLD:_MARITAL_STATUS,True,1,0.9981884057971014
x1030,8.PERSON_IN_HOUSEHOLD:_BAPTIZED?,True,1,0.9998389694041868
x1031,8.PERSON_IN_HOUSEHOLD:_REL._DENOMINATION,True,3,0.9998389694041868
x1032,"HOUSEHOLD_CLASSIFICATION,_DETAILED",False,34,0.014895330112721417
x1033,"HOUSEHOLD_CLASSIFICATION,_CONDENSED",True,9,0.010305958132045089
x1034,FAMILY_TYPOLOGY,True,9,0.6378421900161031
x1035,NUMBER_OF_BIOLOGICAL_CHILDREN,False,11,0.012721417069243157
x1036,NUMBER_OF_BIOLOGICAL_CHILDREN_UNDER_18,True,7,0.03353462157809984
x1037,NUMBER_OF_BIOLOGICAL+OTHER_CHILDREN,False,11,0.012721417069243157
x1038,NUMBER_OF_BIOLOGICAL+OTHER_CHILDREN_<18,False,10,0.03353462157809984
x1039,CHILDREN_NOT_LIVING_IN_THE_HOUSEHOLD?,True,3,0.003985507246376811
x1040,NUMBER_OF_CHILDREN_NOT_IN_THE_HOUSEHOLD,True,9,0.542512077294686
x1041,CHILD_1_NOT_IN_HH:_SEX,True,2,0.5439613526570048
x1042,CHILD_1_NOT_IN_HH:_YEAR_OF_BIRTH,False,86,0.5482286634460547
x1043,CHILD_1_NOT_IN_HH:_AGE,False,76,0.5482286634460547
x1044,CHILD_1_NOT_IN_HH:_SCHOOL_LEAVING_CERT.,True,7,0.9225040257648953
x1045,CHILD_1_NOT_IN_HH:_UNIVERSITY_DEGREE,True,2,0.9706924315619968
x1046,CHILD_1_NOT_IN_HH:_BAPTIZED?,True,2,0.9344202898550724
x1047,CHILD_1_NOT_IN_HH:_RELIG._DENOMINATION,True,6,0.9352657004830918
x1048,CHILD_2_NOT_IN_HH:_SEX,True,2,0.7119565217391305
x1049,CHILD_2_NOT_IN_HH:_YEAR_OF_BIRTH,False,78,0.7146537842190016
x1050,CHILD_2_NOT_IN_HH:_AGE,False,72,0.7146537842190016
x1051,CHILD_2_NOT_IN_HH:_SCHOOL_LEAVING_CERT.,True,7,0.9504428341384863
x1052,CHILD_2_NOT_IN_HH:_UNIVERSITY_DEGREE,True,2,0.9827697262479871
x1053,CHILD_2_NOT_IN_HH:_BAPTIZED?,True,2,0.9589774557165861
x1054,CHILD_2_NOT_IN_HH:_RELIG._DENOMINATION,True,6,0.9593800322061191
x1055,CHILD_3_NOT_IN_HH:_SEX,True,2,0.9039049919484702
x1056,CHILD_3_NOT_IN_HH:_YEAR_OF_BIRTH,False,73,0.9050724637681159
x1057,CHILD_3_NOT_IN_HH:_AGE,False,68,0.9050724637681159
x1058,CHILD_3_NOT_IN_HH:_SCHOOL_LEAVING_CERT.,True,7,0.9827294685990338
x1059,CHILD_3_NOT_IN_HH:_UNIVERSITY_DEGREE,True,2,0.995048309178744
x1060,CHILD_3_NOT_IN_HH:_BAPTIZED?,True,2,0.987037037037037
x1061,CHILD_3_NOT_IN_HH:_RELIG._DENOMINATION,True,6,0.9871578099838969
x1062,CHILD_4_NOT_IN_HH:_SEX,True,2,0.9690821256038648
x1063,CHILD_4_NOT_IN_HH:_YEAR_OF_BIRTH,False,62,0.9695652173913043
x1064,CHILD_4_NOT_IN_HH:_AGE,False,62,0.9695652173913043
x1065,CHILD_4_NOT_IN_HH:_SCHOOL_LEAVING_CERT.,True,7,0.9940016103059581
x1066,CHILD_4_NOT_IN_HH:_UNIVERSITY_DEGREE,True,2,0.998792270531401
x1067,CHILD_4_NOT_IN_HH:_BAPTIZED?,True,2,0.9960547504025765
x1068,CHILD_4_NOT_IN_HH:_RELIG._DENOMINATION,True,5,0.996135265700483
x1069,CHILD_5_NOT_IN_HH:_SEX,True,2,0.9889694041867955
x1070,CHILD_5_NOT_IN_HH:_YEAR_OF_BIRTH,False,49,0.989170692431562
x1071,CHILD_5_NOT_IN_HH:_AGE,False,46,0.989170692431562
x1072,CHILD_5_NOT_IN_HH:_SCHOOL_LEAVING_CERT.,True,7,0.9975845410628019
x1073,CHILD_5_NOT_IN_HH:_UNIVERSITY_DEGREE,True,2,0.999597423510467
x1074,CHILD_5_NOT_IN_HH:_BAPTIZED?,True,2,0.9987520128824476
x1075,CHILD_5_NOT_IN_HH:_RELIG._DENOMINATION,True,5,0.9987520128824476
x1076,CHILD_6_NOT_IN_HH:_SEX,True,2,0.9959339774557165
x1077,CHILD_6_NOT_IN_HH:_YEAR_OF_BIRTH,False,36,0.9959742351046699
x1078,CHILD_6_NOT_IN_HH:_AGE,False,37,0.9959742351046699
x1079,CHILD_6_NOT_IN_HH:_SCHOOL_LEAVING_CERT.,True,5,0.9991545893719807
x1080,CHILD_6_NOT_IN_HH:_UNIVERSITY_DEGREE,True,1,0.9999194847020934
x1081,CHILD_6_NOT_IN_HH:_BAPTIZED?,True,2,0.9993961352657005
x1082,CHILD_6_NOT_IN_HH:_RELIG._DENOMINATION,True,4,0.9994363929146538
x1083,CHILD_7_NOT_IN_HH:_SEX,True,2,0.9980273752012883
x1084,CHILD_7_NOT_IN_HH:_YEAR_OF_BIRTH,False,28,0.9980676328502416
x1085,CHILD_7_NOT_IN_HH:_AGE,False,34,0.9980676328502416
x1086,CHILD_7_NOT_IN_HH:_SCHOOL_LEAVING_CERT.,True,2,0.9996779388083736
x1087,CHILD_7_NOT_IN_HH:_BAPTIZED?,True,2,0.9997987117552335
x1088,CHILD_7_NOT_IN_HH:_RELIG._DENOMINATION,True,3,0.9997987117552335
x1089,CHILD_8_NOT_IN_HH:_SEX,True,2,0.9991545893719807
x1090,CHILD_8_NOT_IN_HH:_YEAR_OF_BIRTH,False,18,0.999194847020934
x1091,CHILD_8_NOT_IN_HH:_AGE,False,16,0.999194847020934
x1092,CHILD_8_NOT_IN_HH:_SCHOOL_LEAVING_CERT.,True,2,0.9998389694041868
x1093,CHILD_8_NOT_IN_HH:_BAPTIZED?,True,2,0.9998792270531401
x1094,CHILD_8_NOT_IN_HH:_RELIG._DENOMINATION,True,2,0.9998792270531401
x1095,CHILD_9_NOT_IN_HH:_SEX,True,2,0.9998389694041868
x1096,CHILD_9_NOT_IN_HH:_YEAR_OF_BIRTH,True,4,0.9998389694041868
x1097,CHILD_9_NOT_IN_HH:_AGE,True,4,0.9998389694041868
x1098,CHILD_9_NOT_IN_HH:_BAPTIZED?,True,1,0.9999597423510467
x1099,CHILD_9_NOT_IN_HH:_RELIG._DENOMINATION,True,1,0.9999597423510467
x1100,CHILDLESS:_DO_YOU_WANT_TO_HAVE_CHILDREN?,True,2,0.9602254428341385
x1101,HAS_CHILD:_WANT_MORE_CHILDREN?,True,2,0.9402979066022544
x1102,CHILDLESS:HOW_MANY_CHILDREN_DO_YOU_WANT?,True,8,0.9709742351046698
x1103,HAS_CHILD:HOW_MANY_CHILDREN_DO_YOU_WANT?,True,5,0.9902576489533012
x1104,RESPONDENT:_GERMAN_SINCE_BIRTH?,True,2,0.6084943639291466
x1105,RESPONDENT:_CITIZENSHIP_AT_BIRTH,False,35,0.9873590982286634
x1106,BORN_WITHIN_CURRENT_BORDERS_OF_GERMANY?,True,2,0.0
x1107,RESPONDENT:_BORN_IN_WHICH_FEDERAL_STATE?,False,17,0.8057568438003221
x1108,PART_OF_GERMANY_R_LIVED_IN_WHEN_YOUNG,False,19,0.11888083735909823
x1109,INTERVIEW:_IN_WHICH_FEDERAL_STATE?,False,17,0.8814814814814815
x1110,"YOUTH_IN_EAST-WEST,INTERV._IN_EAST-WEST",True,4,0.20950080515297906
x1111,"BORN_IN_EAST-WEST,INTERVIEW_IN_EAST-WEST",True,4,0.9024154589371981
x1112,"MOVED_TO_WEST_GERMANY,_YEAR",False,36,0.996135265700483
x1113,"MOVED_TO_EAST_GERMANY,_YEAR",False,13,0.9993961352657005
x1114,"SINCE_WHEN_IN_THIS_FEDERAL_STATE,_YEAR",False,92,0.9027777777777778
x1115,MOVE_TO_NEW_FEDERAL_STATES_IMAGINABLE?,True,2,0.921658615136876
x1116,MOVE_TO_OLD_FEDERAL_STATES_IMAGINABLE?,True,2,0.9655394524959743
x1117,MOVE_TO_OTHER_EU-COUNTRY_IMAGINABLE?,True,2,0.8865942028985507
x1118,RESPONDENT:_COUNTRY_OF_ORIGIN,False,70,0.9595410628019324
x1119,COUNTRY_OF_ORIGIN:_FATHER,False,106,0.5169887278582931
x1120,COUNTRY_OF_ORIGIN:_PATERNAL_GRANDFATHER,False,73,0.7376006441223832
x1121,COUNTRY_OF_ORIGIN:_PATERNAL_GRANDMOTHER,False,73,0.7360305958132045
x1122,COUNTRY_OF_ORIGIN:_MOTHER,False,104,0.5142512077294686
x1123,COUNTRY_OF_ORIGIN:_MATERNAL_GRANDFATHER,False,70,0.7345410628019323
x1124,COUNTRY_OF_ORIGIN:_MATERNAL_GRANDMOTHER,False,68,0.7322866344605475
x1125,"IMMIGRANT:_SINCE_WHEN_IN_GERMANY,_YEAR",False,90,0.8536634460547504
x1126,IMMIGRANT:_HOW_MANY_YEARS_IN_GERMANY?,False,85,0.8536634460547504
x1127,"IMMIGRANT:_SINCE_WHEN_IN_FED.STATE,_YEAR",False,67,0.9797906602254428
x1128,COUNTRY_RESPONDENT_LIVED_IN_WHEN_YOUNG,False,104,0.927133655394525
x1129,DISTANCE_TO_LAST_PLACE_OF_RESIDENCE,True,5,0.919122383252818
x1130,RESP.:_HOW_LONG_HAVE_YOU_LIVED_HERE?,False,76,0.8865539452495974
x1131,LENGTH_OF_RESIDENCE_IN_YEARS,False,90,0.886634460547504
x1132,SELF-ASSESSMENT_OF_PLACE_WHERE_R_LIVES,True,5,0.015257648953301128
x1133,RESPONDENT:_TYPE_OF_DWELLING,True,8,0.0016505636070853463
x1134,LIVING_SPACE_IN_SQUARE_METERS,False,197,0.8186392914653784
x1135,DOG_OR_CAT_IN_HOUSEHOLD?,True,4,0.8115136876006441
x1136,TELEPHONE_IN_YOUR_HOME?,True,2,0.8625201288244766
x1137,"AREA_OF_RESIDENCE:_NOISE_POLLUTION,_DAY",True,5,0.8113929146537843
x1138,"AREA_OF_RESIDENCE:NOISE_POLLUTION,_NIGHT",True,5,0.811352657004831
x1139,AREA_OF_RESIDENCE:_AIR_POLLUTION,True,5,0.811352657004831
x1140,"NUMBER_OF_ATTEMPTED_CONTACTS,_TELEPHONE",False,19,0.29456521739130437
x1141,"NUMBER_OF_ATTEMPTED_CONTACTS,_VISITS",False,24,0.2560386473429952
x1142,"NUMBER_OF_ATTEMPTED_CONTACTS,_OTHER",False,10,0.719645732689211
x1143,DATE_OF_INTERVIEW:_DAY,False,31,0.0
x1144,DATE_OF_INTERVIEW:_MONTH,True,9,0.0
x1145,DATE_OF_THE_INTERVIEW,False,1190,0.0
x1146,START_OF_INTERVIEW:_HOUR,False,17,0.004106280193236715
x1147,START_OF_INTERVIEW:_MINUTES,False,60,0.004106280193236715
x1148,START_OF_INTERVIEW:_TIME,False,816,0.004106280193236715
x1149,END_OF_INTERVIEW:_HOUR,False,17,0.007085346215780998
x1150,END_OF_INTERVIEW:_MINUTES,False,60,0.007085346215780998
x1151,END_OF_INTERVIEW:_TIME,False,817,0.007085346215780998
x1152,LENGTH_OF_INTERVIEW_IN_MINUTES,False,142,0.007125603864734299
x1153,INTERVIEW:_WILLINGNESS_OF_RESPONDENT,True,4,8.051529790660226e-05
x1154,RESP.:_PARTICIPATED_IN_HOW_MANY_SURVEYS?,False,18,0.9040660225442834
x1155,PREVIOUS_12_MONTHS:_OTHER_SURVEYS?,True,2,0.6817230273752013
x1156,PREVIOUS_12_MONTHS:_NUMBER_OF_SURVEYS,False,23,0.9560789049919485
x1157,INTERVIEW:_DIFFICULTY_TO_CONTACT_RESP.,True,4,8.051529790660226e-05
x1158,INTERVIEW_CONDUCTED_ALONE_WITH_RESP.?,True,2,0.0
x1159,SPOUSE_OR_PARTNER_PRESENT_AT_INTERVIEW?,True,2,0.0
x1160,CHILDREN_PRESENT_AT_THE_INTERVIEW?,True,2,0.0
x1161,OTHER_FAMILY_MEMBERS_PRES._AT_INTERVIEW?,True,2,0.0
x1162,OTHER_PERSONS_PRESENT_AT_INTERVIEW?,True,2,0.0
x1163,INTERRUPTION_DURING_INTERVIEW?,True,3,0.8088969404186795
x1164,WILLINGNESS_OF_RESPONDENT_TO_ANSWER,True,5,0.0
x1165,RELIABILITY_OF_RESPONDENTS_ANSWERS,True,3,0.0
x1166,RESP.:_FOLLOWED_INTERVIEW_ON_SCREEN,True,5,0.11851851851851852
x1167,PRIVATE_USE_OF_INTERNET,True,2,0.11980676328502415
x1168,HOW_OFTEN:_PRIVATE_USE_OF_INTERNET,True,6,0.7738325281803543
x1169,FREQUENCY_OF_USING_THE_INTERNET,True,5,0.8613123993558777
x1170,WILLING_TO_PARTICIPATE_IN_ONLINE_SURVEY?,True,3,0.5809178743961353
x1171,RESPONDENT_ACCEPTS_INVITATION_TO_SURVEY,True,2,0.9936392914653784
x1172,RESPONDENT_AGREES_TO_DATA_LINKAGE,True,3,0.8293478260869566
x1173,ONLINER:_ONLINE_OR_PAPER_QUESTIONNAIRE?,True,2,0.8512479871175523
x1174,RESPONDENT_WILLING_TO_PARTICIPATE_AGAIN?,True,2,0.8814814814814815
x1175,TYPE_OF_BUILDING_RESPONDENT_LIVES_IN,True,8,0.0005636070853462158
x1176,STATE_OF_REPAIR_OF_BUILDING_R._LIVES_IN,True,3,0.0010466988727858293
x1177,DOOR_PHONE?,True,2,0.005273752012882447
x1178,ASSESSMENT:_AREA_OF_RESIDENCE_OF_RESP.,True,5,8.051529790660226e-05
x1179,"ATTRACTIVENESS_OF_R.,_START_OF_INTERVIEW",False,11,0.2559983896940419
x1180,INT.:_SOCIAL_CLASS_OF_HOUSEHOLD,True,6,0.6493558776167472
x1181,INTERVIEWER:_ID,False,776,0.0
x1182,INTERVIEWER:_SEX,True,2,0.0
x1183,INTERVIEWER:_AGE,False,61,0.0
x1184,INTERVIEWER:_EDUCATION,True,5,0.0
x1185,INT.:_HOW_MANY_YEARS_WITH_SURVEY_INST.?,False,48,0.000966183574879227
x1186,SPLIT_2006:_CAPI-CASI,True,2,0.8625201288244766
x1187,SPLIT_2010:_NETWORKS,True,2,0.8862721417069244
x1188,SPLIT_2012:_ABORTION,True,2,0.8599838969404187
x1189,SPLIT_2012:_ROLE_OF_WOMEN,True,2,0.8599838969404187
x1190,SPLIT_2012:_CHURCH_ATTENDANCE,True,2,0.8599838969404187
x1191,SPLIT_2014:_OCCUPATIONAL_SUCCESS,True,2,0.9297504025764896
x1192,SPLIT_2014:_ALTERNATE_QUESTIONS,True,2,0.9297504025764896
x1193,SPLIT_2014:_HEALTH_OF_RESPONDENT,True,1,0.9297504025764896
x1194,SPLIT_2016:_FR01-FR12,True,2,0.8595410628019323
x1195,SPLIT_2016:_MI01-MI04,True,2,0.8595410628019323
x1196,SPLIT_2016:_MA01-MA04,True,2,0.8683574879227053
x1197,SPLIT_2016:_MN01-MN09,True,2,0.8595410628019323
x1198,SPLIT_2016:_MP15A,True,2,0.8595410628019323
x1199,"SPLIT_2016:_MG13-17,_MG19-23",True,2,0.8595410628019323
x1200,SPLIT_2016:_RECRUITMENT_QUESTIONS,True,2,0.8595410628019323
x1201,REGION_OF_INTERVIEW:_WEST_-_EAST,True,2,0.0
x1202,FEDERAL_STATE_THAT_RESPONDENT_LIVES_IN,False,17,0.0
x1203,POLITICAL_SIZE_OF_MUNICIPALITY,True,7,0.005032206119162641
x1204,BIK-REGIONS,False,10,0.016022544283413848
x1205,PERCENTAGE_OF_FOREIGNERS_IN_LOCAL_COUNTY,False,13,0.722061191626409
test,(unlabeled),True,2,0.0
